run_accession	submitted_md5	submitted_ftp	sample_alias	sample_title
ERR1823567	5086149f279b7fd730876035fa26158d;b78aa773263763d1fbf1cae38a17114d	ftp.sra.ebi.ac.uk/vol1/run/ERR182/ERR1823567/EM_1_R1.fastq.gz;ftp.sra.ebi.ac.uk/vol1/run/ERR182/ERR1823567/EM_1_R2.fastq.gz	EM_1	Experimental mixture 1
ERR1823568	9db09a57a42fee76f77c5f86a37e5446;08457c556f593e9da1159845f8bb5da2	ftp.sra.ebi.ac.uk/vol1/run/ERR182/ERR1823568/EM_2_R1.fastq.gz;ftp.sra.ebi.ac.uk/vol1/run/ERR182/ERR1823568/EM_2_R2.fastq.gz	EM_2	Experimental mixture 2
ERR1823569	a5e071892b96df5d0713e375645bcd34;bfa64e4703639f22bb305a944858f450	ftp.sra.ebi.ac.uk/vol1/run/ERR182/ERR1823569/EM_3_R1.fastq.gz;ftp.sra.ebi.ac.uk/vol1/run/ERR182/ERR1823569/EM_3_R2.fastq.gz	EM_3	Experimental mixture 3
ERR1823570	ba61807a4bf5c26d04fe8f285ca714fa;7b2f637b73a333da7f45a85a8f3e8155	ftp.sra.ebi.ac.uk/vol1/run/ERR182/ERR1823570/EM_4_R1.fastq.gz;ftp.sra.ebi.ac.uk/vol1/run/ERR182/ERR1823570/EM_4_R2.fastq.gz	EM_4	Experimental mixture 4
ERR1823571	a7bed3f09cd9e87665781883d820b073;4487960e2f1f5ff83e95ccbfa5a7630e	ftp.sra.ebi.ac.uk/vol1/run/ERR182/ERR1823571/EM_5_R1.fastq.gz;ftp.sra.ebi.ac.uk/vol1/run/ERR182/ERR1823571/EM_5_R2.fastq.gz	EM_5	Experimental mixture 5
ERR1823572	8769c80aabf76e15b53fb347f93417ed;972eabc0792203cd183908d6df0900d1	ftp.sra.ebi.ac.uk/vol1/run/ERR182/ERR1823572/EM_6_R1.fastq.gz;ftp.sra.ebi.ac.uk/vol1/run/ERR182/ERR1823572/EM_6_R2.fastq.gz	EM_6	Experimental mixture 6
ERR1823573	7ee016e74fc7cddbb934c9724daa87a6;8e14afdc37e8fb7b1eb80e94faebe5f4	ftp.sra.ebi.ac.uk/vol1/run/ERR182/ERR1823573/EM_7_R1.fastq.gz;ftp.sra.ebi.ac.uk/vol1/run/ERR182/ERR1823573/EM_7_R2.fastq.gz	EM_7	Experimental mixture 7
ERR1823574	5cc18e4548521917057f49d7b28e7693;d1d6e9591c4d6d400a0c6a50f3153a76	ftp.sra.ebi.ac.uk/vol1/run/ERR182/ERR1823574/EM_8_R1.fastq.gz;ftp.sra.ebi.ac.uk/vol1/run/ERR182/ERR1823574/EM_8_R2.fastq.gz	EM_8	Experimental mixture 8
ERR1823575	d988764b9fbd8b862f0b20559731144a;89b6c88eb4a548740fdd42debe865335	ftp.sra.ebi.ac.uk/vol1/run/ERR182/ERR1823575/EM_9_R1.fastq.gz;ftp.sra.ebi.ac.uk/vol1/run/ERR182/ERR1823575/EM_9_R2.fastq.gz	EM_9	Experimental mixture 9
ERR1823576	a218cc339edca36cbcbc9496d1b385ac;478b3c4384bea8f075df58501f53efec	ftp.sra.ebi.ac.uk/vol1/run/ERR182/ERR1823576/EM_10_R1.fastq.gz;ftp.sra.ebi.ac.uk/vol1/run/ERR182/ERR1823576/EM_10_R2.fastq.gz	EM_10	Experimental mixture 10
ERR1823577	f391b99cf9575b9ddb041a0fbd668f0d;6b14f2bfa784423117c42b4ea4c2470b	ftp.sra.ebi.ac.uk/vol1/run/ERR182/ERR1823577/EM_10R_R1.fastq.gz;ftp.sra.ebi.ac.uk/vol1/run/ERR182/ERR1823577/EM_10R_R2.fastq.gz	EM_10R	Experimental mixture 10 replicate
ERR1823578	e0e7367f0659fb0a4bae6b760afa391a;c2230cc228e7e9846751ea1cb40ee79c	ftp.sra.ebi.ac.uk/vol1/run/ERR182/ERR1823578/EM_11_R1.fastq.gz;ftp.sra.ebi.ac.uk/vol1/run/ERR182/ERR1823578/EM_11_R2.fastq.gz	EM_11	Experimental mixture 11
ERR1823579	00edd43b6891845b5d9009d15e57664e;50d68e48389f72cda88f5cbf9d65ca4b	ftp.sra.ebi.ac.uk/vol1/run/ERR182/ERR1823579/EM_11R_R1.fastq.gz;ftp.sra.ebi.ac.uk/vol1/run/ERR182/ERR1823579/EM_11R_R2.fastq.gz	EM_11R	Experimental mixture 11 replicate
ERR1823580	36b5507d2428d36e49717a2c97c57de0;9b84aac23d91c0fcf39aa002667005fb	ftp.sra.ebi.ac.uk/vol1/run/ERR182/ERR1823580/EM_12_R1.fastq.gz;ftp.sra.ebi.ac.uk/vol1/run/ERR182/ERR1823580/EM_12_R2.fastq.gz	EM_12	Experimental mixture 12
ERR1823581	465ad1c7d367b04196e5c0efcf424e6b;22a9728a06b77e3df93c6ca7d61b7072	ftp.sra.ebi.ac.uk/vol1/run/ERR182/ERR1823581/EM_13_R1.fastq.gz;ftp.sra.ebi.ac.uk/vol1/run/ERR182/ERR1823581/EM_13_R2.fastq.gz	EM_13	Experimental mixture 13
ERR1823582	34eb2ba7964caf47de900bbe6e5b4c61;90491e7e3861e537dd0d0eeba53630ca	ftp.sra.ebi.ac.uk/vol1/run/ERR182/ERR1823582/EM_14_R1.fastq.gz;ftp.sra.ebi.ac.uk/vol1/run/ERR182/ERR1823582/EM_14_R2.fastq.gz	EM_14	Experimental mixture 14
ERR1823583	701a8083e0b32b300b8feb42e1802af3;6a42399f824ebcb3b063016994773a38	ftp.sra.ebi.ac.uk/vol1/run/ERR182/ERR1823583/EM_15_R1.fastq.gz;ftp.sra.ebi.ac.uk/vol1/run/ERR182/ERR1823583/EM_15_R2.fastq.gz	EM_15	Experimental mixture 15
ERR1824060	62b69affe9fc77b4b0d639b4348010b5;144437f7f04f4d9314f64103a5a52c3e	ftp.sra.ebi.ac.uk/vol1/run/ERR182/ERR1824060/Lab1_sample1_TAAGGCGACTCTCTAT_L001_R1_001.fastq.gz;ftp.sra.ebi.ac.uk/vol1/run/ERR182/ERR1824060/Lab1_sample1_TAAGGCGACTCTCTAT_L001_R2_001.fastq.gz	S1_Lab_1	Interlaboratory trial
ERR1824061	6ba4855830e12faea8e03a4ae3ca2349;9cdc825bd34bf17fbdd8ad232514a88a	ftp.sra.ebi.ac.uk/vol1/run/ERR182/ERR1824061/Lab2_sample1_GCTCATGACTCTCTAT_L001_R1_001.fastq.gz;ftp.sra.ebi.ac.uk/vol1/run/ERR182/ERR1824061/Lab2_sample1_GCTCATGACTCTCTAT_L001_R2_001.fastq.gz	S1_Lab_2	Interlaboratory trial
ERR1824062	626c267759f7880099d3e74aaaa10d66;d0c1249bb2b1a022521647c570ffe354	ftp.sra.ebi.ac.uk/vol1/run/ERR182/ERR1824062/Lab3_sample1_AAGAGGCATATCCTCT_L001_R1_001.fastq.gz;ftp.sra.ebi.ac.uk/vol1/run/ERR182/ERR1824062/Lab3_sample1_AAGAGGCATATCCTCT_L001_R2_001.fastq.gz	S1_Lab_3	Interlaboratory trial
ERR1824063	34ea197d3dbce68e9ab2c05cf76322c6;9b6d920672682644f01272fb2ee066c8	ftp.sra.ebi.ac.uk/vol1/run/ERR182/ERR1824063/Lab4_sample1_CTCTCTACGTAAGGAG_L001_R1_001.fastq.gz;ftp.sra.ebi.ac.uk/vol1/run/ERR182/ERR1824063/Lab4_sample1_CTCTCTACGTAAGGAG_L001_R2_001.fastq.gz	S1_Lab_4	Interlaboratory trial
ERR1824064	66ad732102c211a1279707a6a5c1a734;866556ba03b8295fb61b5a53dcfbd9b3	ftp.sra.ebi.ac.uk/vol1/run/ERR182/ERR1824064/Lab5_sample1_GGACTCCTACTGCATA_L001_R1_001.fastq.gz;ftp.sra.ebi.ac.uk/vol1/run/ERR182/ERR1824064/Lab5_sample1_GGACTCCTACTGCATA_L001_R2_001.fastq.gz	S1_Lab_5	Interlaboratory trial
ERR1824065	2dbb6c1d722b31422aa290e0523ed69f;0312f34ef22441230d7daf5be05dc589	ftp.sra.ebi.ac.uk/vol1/run/ERR182/ERR1824065/Lab6_sample1_AGGCAGAAAAGGAGTA_L001_R1_001.fastq.gz;ftp.sra.ebi.ac.uk/vol1/run/ERR182/ERR1824065/Lab6_sample1_AGGCAGAAAAGGAGTA_L001_R2_001.fastq.gz	S1_Lab_6	Interlaboratory trial
ERR1824066	3abefa482294078d589b92f259a75819;ce05e0228eedaf705221fc9fe3d3085d	ftp.sra.ebi.ac.uk/vol1/run/ERR182/ERR1824066/Lab7_sample1_TAAGGCGACTAAGCCT_L001_R1_001.fastq.gz;ftp.sra.ebi.ac.uk/vol1/run/ERR182/ERR1824066/Lab7_sample1_TAAGGCGACTAAGCCT_L001_R2_001.fastq.gz	S1_Lab_7	Interlaboratory trial
ERR1824067	a1c1c6aeade6cd00692eb7f718ea611c;16171f36d204cab2c5b48435e7448892	ftp.sra.ebi.ac.uk/vol1/run/ERR182/ERR1824067/Lab8_sample1_GCTCATGACTAAGCCT_L001_R1_001.fastq.gz;ftp.sra.ebi.ac.uk/vol1/run/ERR182/ERR1824067/Lab8_sample1_GCTCATGACTAAGCCT_L001_R2_001.fastq.gz	S1_Lab_8	Interlaboratory trial
ERR1824068	4394f98096a23f071a9cfa8ae6cce352;97210194acc3ecdd335b5a8cf5d95dd5	ftp.sra.ebi.ac.uk/vol1/run/ERR182/ERR1824068/Lab9_sample1_AAGAGGCACGTCTAAT_L001_R1_001.fastq.gz;ftp.sra.ebi.ac.uk/vol1/run/ERR182/ERR1824068/Lab9_sample1_AAGAGGCACGTCTAAT_L001_R2_001.fastq.gz	S1_Lab_9	Interlaboratory trial
ERR1824069	24ce17829e91742786a81445fbd0859b;65f5b6fafe87f0b164ec1ebe9611b891	ftp.sra.ebi.ac.uk/vol1/run/ERR182/ERR1824069/Lab10_sample1_CTCTCTACTCTCTCCG_L001_R1_001.fastq.gz;ftp.sra.ebi.ac.uk/vol1/run/ERR182/ERR1824069/Lab10_sample1_CTCTCTACTCTCTCCG_L001_R2_001.fastq.gz	S1_Lab_10	Interlaboratory trial
ERR1824070	fc27b7d80033debb01187ad2ceafa82a;f9d7e6eda9feaf683f854b132b3d54f5	ftp.sra.ebi.ac.uk/vol1/run/ERR182/ERR1824070/Lab11_sample1_ATGCGCAGCTCTCTAT_L001_R1_001.fastq.gz;ftp.sra.ebi.ac.uk/vol1/run/ERR182/ERR1824070/Lab11_sample1_ATGCGCAGCTCTCTAT_L001_R2_001.fastq.gz	S1_Lab_11	Interlaboratory trial
ERR1824071	8159367553fc21874254f6249757b88e;4716429f08226af61ead906486e53ad5	ftp.sra.ebi.ac.uk/vol1/run/ERR182/ERR1824071/Lab12_sample1_CGGAGCCTTATCCTCT_L001_R1_001.fastq.gz;ftp.sra.ebi.ac.uk/vol1/run/ERR182/ERR1824071/Lab12_sample1_CGGAGCCTTATCCTCT_L001_R2_001.fastq.gz	S1_Lab_12	Interlaboratory trial
ERR1824072	ee5dd058607ac0514672d553b83724f7;810dc8b54d2130015b638737863520c3	ftp.sra.ebi.ac.uk/vol1/run/ERR182/ERR1824072/Lab13_sample1_GGAGCTACGTAAGGAG_L001_R1_001.fastq.gz;ftp.sra.ebi.ac.uk/vol1/run/ERR182/ERR1824072/Lab13_sample1_GGAGCTACGTAAGGAG_L001_R2_001.fastq.gz	S1_Lab_13	Interlaboratory trial
ERR1824073	ca9769b860b7211091c4e3cfcd37745f;0dca47b5ce17f994afbcd8944a6c5b75	ftp.sra.ebi.ac.uk/vol1/run/ERR182/ERR1824073/Lab14_sample1_TCGACGTCGTAAGGAG_L001_R1_001.fastq.gz;ftp.sra.ebi.ac.uk/vol1/run/ERR182/ERR1824073/Lab14_sample1_TCGACGTCGTAAGGAG_L001_R2_001.fastq.gz	S1_Lab_14	Interlaboratory trial
ERR1824074	7caacf84e84aa52c3dd0771c6208291a;da438004206d7b691abec9926033dfed	ftp.sra.ebi.ac.uk/vol1/run/ERR182/ERR1824074/Lab15_sample1_CGATCAGTACTGCATA_L001_R1_001.fastq.gz;ftp.sra.ebi.ac.uk/vol1/run/ERR182/ERR1824074/Lab15_sample1_CGATCAGTACTGCATA_L001_R2_001.fastq.gz	S1_Lab_15	Interlaboratory trial
ERR1824075	8b88ba60f83dce910730c56f28bd93c6;1c81edd1ab7f3d010bcc4f983a2f4763	ftp.sra.ebi.ac.uk/vol1/run/ERR182/ERR1824075/Lab16_sample1_ACTGAGCGAAGGAGTA_L001_R1_001.fastq.gz;ftp.sra.ebi.ac.uk/vol1/run/ERR182/ERR1824075/Lab16_sample1_ACTGAGCGAAGGAGTA_L001_R2_001.fastq.gz	S1_Lab_16	Interlaboratory trial
ERR1824076	fa750de45e311ddd699d53ea7ba5736d;264fda0953bbd11b35f94ea97e1670e6	ftp.sra.ebi.ac.uk/vol1/run/ERR182/ERR1824076/Lab1_sample2_CGTACTAGCTCTCTAT_L001_R1_001.fastq.gz;ftp.sra.ebi.ac.uk/vol1/run/ERR182/ERR1824076/Lab1_sample2_CGTACTAGCTCTCTAT_L001_R2_001.fastq.gz	S2_Lab_1	Interlaboratory trial
ERR1824077	19fad0ba8999f8afec8a323be71ce4e2;4f9f56a7322ee1cc42d2616228770e95	ftp.sra.ebi.ac.uk/vol1/run/ERR182/ERR1824077/Lab2_sample2_ATCTCAGGCTCTCTAT_L001_R1_001.fastq.gz;ftp.sra.ebi.ac.uk/vol1/run/ERR182/ERR1824077/Lab2_sample2_ATCTCAGGCTCTCTAT_L001_R2_001.fastq.gz	S2_Lab_2	Interlaboratory trial
ERR1824078	08c2a197cff03c75b02f30ec479f2989;5c2b479b7ed64d996e988d468590eec3	ftp.sra.ebi.ac.uk/vol1/run/ERR182/ERR1824078/Lab3_sample2_GTAGAGGATATCCTCT_L001_R1_001.fastq.gz;ftp.sra.ebi.ac.uk/vol1/run/ERR182/ERR1824078/Lab3_sample2_GTAGAGGATATCCTCT_L001_R2_001.fastq.gz	S2_Lab_3	Interlaboratory trial
ERR1824079	5a01b234bd063513135f3d451e677bd7;8682725deb716c73d47978ff462bb329	ftp.sra.ebi.ac.uk/vol1/run/ERR182/ERR1824079/Lab4_sample2_CGAGGCTGGTAAGGAG_L001_R1_001.fastq.gz;ftp.sra.ebi.ac.uk/vol1/run/ERR182/ERR1824079/Lab4_sample2_CGAGGCTGGTAAGGAG_L001_R2_001.fastq.gz	S2_Lab_4	Interlaboratory trial
ERR1824080	112a70f5227ef5760527f269d6578610;538d4b819e3b6484ba46c92dc0aff7f0	ftp.sra.ebi.ac.uk/vol1/run/ERR182/ERR1824080/Lab5_sample2_TAGGCATGACTGCATA_L001_R1_001.fastq.gz;ftp.sra.ebi.ac.uk/vol1/run/ERR182/ERR1824080/Lab5_sample2_TAGGCATGACTGCATA_L001_R2_001.fastq.gz	S2_Lab_5	Interlaboratory trial
ERR1824081	1dd3c2bdccf5cc671ecd6ded39b5bc78;a462a8a1d0644fe9d2dc110addad0e8f	ftp.sra.ebi.ac.uk/vol1/run/ERR182/ERR1824081/Lab6_sample2_TCCTGAGCAAGGAGTA_L001_R1_001.fastq.gz;ftp.sra.ebi.ac.uk/vol1/run/ERR182/ERR1824081/Lab6_sample2_TCCTGAGCAAGGAGTA_L001_R2_001.fastq.gz	S2_Lab_6	Interlaboratory trial
ERR1824082	7c438c451b3ee9b549898fbd02e528dd;d53f345ecdb285e263c98b0fdf68d8b6	ftp.sra.ebi.ac.uk/vol1/run/ERR182/ERR1824082/Lab7_sample2_CGTACTAGCTAAGCCT_L001_R1_001.fastq.gz;ftp.sra.ebi.ac.uk/vol1/run/ERR182/ERR1824082/Lab7_sample2_CGTACTAGCTAAGCCT_L001_R2_001.fastq.gz	S2_Lab_7	Interlaboratory trial
ERR1824083	ee5a9110c43a7668adef1164bf97219f;5f11df06546e751b8a88c6f01de0a0db	ftp.sra.ebi.ac.uk/vol1/run/ERR182/ERR1824083/Lab8_sample2_ATCTCAGGCTAAGCCT_L001_R1_001.fastq.gz;ftp.sra.ebi.ac.uk/vol1/run/ERR182/ERR1824083/Lab8_sample2_ATCTCAGGCTAAGCCT_L001_R2_001.fastq.gz	S2_Lab_8	Interlaboratory trial
ERR1824084	e57946319515433e91469541a0d428e9;193b3cc1ef876a2ec31f7459b92239ca	ftp.sra.ebi.ac.uk/vol1/run/ERR182/ERR1824084/Lab9_sample2_GTAGAGGACGTCTAAT_L001_R1_001.fastq.gz;ftp.sra.ebi.ac.uk/vol1/run/ERR182/ERR1824084/Lab9_sample2_GTAGAGGACGTCTAAT_L001_R2_001.fastq.gz	S2_Lab_9	Interlaboratory trial
ERR1824085	fe914f15f3d62ddb4e6f503c249b7924;9493409461a4ed9c2d45b45971252bc7	ftp.sra.ebi.ac.uk/vol1/run/ERR182/ERR1824085/Lab10_sample2_CGAGGCTGTCTCTCCG_L001_R1_001.fastq.gz;ftp.sra.ebi.ac.uk/vol1/run/ERR182/ERR1824085/Lab10_sample2_CGAGGCTGTCTCTCCG_L001_R2_001.fastq.gz	S2_Lab_10	Interlaboratory trial
ERR1824086	39f5d3bf68144a24ce6cf75f843bd519;a278cff080ef22271197cc0d23665d9b	ftp.sra.ebi.ac.uk/vol1/run/ERR182/ERR1824086/Lab11_sample2_TAGCGCTCCTCTCTAT_L001_R1_001.fastq.gz;ftp.sra.ebi.ac.uk/vol1/run/ERR182/ERR1824086/Lab11_sample2_TAGCGCTCCTCTCTAT_L001_R2_001.fastq.gz	S2_Lab_11	Interlaboratory trial
ERR1824087	1b88de549f728f04fd8a1c80ea887f9a;417d527c3129e51b23e29af1a38d70cc	ftp.sra.ebi.ac.uk/vol1/run/ERR182/ERR1824087/Lab12_sample2_TACGCTGCTATCCTCT_L001_R1_001.fastq.gz;ftp.sra.ebi.ac.uk/vol1/run/ERR182/ERR1824087/Lab12_sample2_TACGCTGCTATCCTCT_L001_R2_001.fastq.gz	S2_Lab_12	Interlaboratory trial
ERR1824088	b0c545031b23fdc2449422641753b8c2;7bac11ab6be6c003048f1220abc10281	ftp.sra.ebi.ac.uk/vol1/run/ERR182/ERR1824088/Lab13_sample2_GCGTAGTAGTAAGGAG_L001_R1_001.fastq.gz;ftp.sra.ebi.ac.uk/vol1/run/ERR182/ERR1824088/Lab13_sample2_GCGTAGTAGTAAGGAG_L001_R2_001.fastq.gz	S2_Lab_13	Interlaboratory trial
ERR1824089	78e769a66d12f214e4cd30ab3c4480a5;774e21751d1e673a8951da41ff64fa31	ftp.sra.ebi.ac.uk/vol1/run/ERR182/ERR1824089/Lab14_sample2_ACTCGCTAACTGCATA_L001_R1_001.fastq.gz;ftp.sra.ebi.ac.uk/vol1/run/ERR182/ERR1824089/Lab14_sample2_ACTCGCTAACTGCATA_L001_R2_001.fastq.gz	S2_Lab_14	Interlaboratory trial
ERR1824090	35a2ee30824e15bf299d95ac3d70d188;030facb821384bd767075b46cffdeeaf	ftp.sra.ebi.ac.uk/vol1/run/ERR182/ERR1824090/Lab15_sample2_TGCAGCTAACTGCATA_L001_R1_001.fastq.gz;ftp.sra.ebi.ac.uk/vol1/run/ERR182/ERR1824090/Lab15_sample2_TGCAGCTAACTGCATA_L001_R2_001.fastq.gz	S2_Lab_15	Interlaboratory trial
ERR1824091	8f8cf4a840bbc99f1dd076e2ca3d1b35;9c062535b1413ae26fd2c14151dd79ba	ftp.sra.ebi.ac.uk/vol1/run/ERR182/ERR1824091/Lab16_sample2_CCTAAGACAAGGAGTA_L001_R1_001.fastq.gz;ftp.sra.ebi.ac.uk/vol1/run/ERR182/ERR1824091/Lab16_sample2_CCTAAGACAAGGAGTA_L001_R2_001.fastq.gz	S2_Lab_16	Interlaboratory trial
ERR1824092	75c872e0935986fc385ea4abe6008714;03cb1c1e5f4c9c842f0d81de9444674d	ftp.sra.ebi.ac.uk/vol1/run/ERR182/ERR1824092/Lab1_sample3_AGGCAGAACTCTCTAT_L001_R1_001.fastq.gz;ftp.sra.ebi.ac.uk/vol1/run/ERR182/ERR1824092/Lab1_sample3_AGGCAGAACTCTCTAT_L001_R2_001.fastq.gz	S3_Lab_1	Interlaboratory trial
ERR1824093	bd4514165b0113e264b9f20f6e7f6dd1;cf6bf19e0503b59961ecb7821fc178f6	ftp.sra.ebi.ac.uk/vol1/run/ERR182/ERR1824093/Lab2_sample3_TAAGGCGATATCCTCT_L001_R1_001.fastq.gz;ftp.sra.ebi.ac.uk/vol1/run/ERR182/ERR1824093/Lab2_sample3_TAAGGCGATATCCTCT_L001_R2_001.fastq.gz	S3_Lab_2	Interlaboratory trial
ERR1824094	b9156c9d6c3827ed48b9e020f80f820f;5980e725b0b42974c6bda4a6e63379d7	ftp.sra.ebi.ac.uk/vol1/run/ERR182/ERR1824094/Lab3_sample3_GCTCATGATATCCTCT_L001_R1_001.fastq.gz;ftp.sra.ebi.ac.uk/vol1/run/ERR182/ERR1824094/Lab3_sample3_GCTCATGATATCCTCT_L001_R2_001.fastq.gz	S3_Lab_3	Interlaboratory trial
ERR1824095	c2355bab6901d451ec2c15d656748be6;554fcf8a0c3bd6ecf545881858091e0f	ftp.sra.ebi.ac.uk/vol1/run/ERR182/ERR1824095/Lab4_sample3_AAGAGGCAGTAAGGAG_L001_R1_001.fastq.gz;ftp.sra.ebi.ac.uk/vol1/run/ERR182/ERR1824095/Lab4_sample3_AAGAGGCAGTAAGGAG_L001_R2_001.fastq.gz	S3_Lab_4	Interlaboratory trial
ERR1824096	8700c364ee21774b5cff85d56ddf3e75;90e8fafe4f14f9502f22668abb667c27	ftp.sra.ebi.ac.uk/vol1/run/ERR182/ERR1824096/Lab5_sample3_CTCTCTACACTGCATA_L001_R1_001.fastq.gz;ftp.sra.ebi.ac.uk/vol1/run/ERR182/ERR1824096/Lab5_sample3_CTCTCTACACTGCATA_L001_R2_001.fastq.gz	S3_Lab_5	Interlaboratory trial
ERR1824097	cb2c28b0843b96c63f5ce8a309c97b26;eaad9c97d0e15975e30c0349e04d70d9	ftp.sra.ebi.ac.uk/vol1/run/ERR182/ERR1824097/Lab6_sample3_GGACTCCTAAGGAGTA_L001_R1_001.fastq.gz;ftp.sra.ebi.ac.uk/vol1/run/ERR182/ERR1824097/Lab6_sample3_GGACTCCTAAGGAGTA_L001_R2_001.fastq.gz	S3_Lab_6	Interlaboratory trial
ERR1824098	076eb4d9772d4d0a06181c9e4bf23934;b9dd10c2c0b75ab59c0ac0802d0a8c87	ftp.sra.ebi.ac.uk/vol1/run/ERR182/ERR1824098/Lab7_sample3_AGGCAGAACTAAGCCT_L001_R1_001.fastq.gz;ftp.sra.ebi.ac.uk/vol1/run/ERR182/ERR1824098/Lab7_sample3_AGGCAGAACTAAGCCT_L001_R2_001.fastq.gz	S3_Lab_7	Interlaboratory trial
ERR1824099	b64437e951e38fe633b2a4ea6f3d6a85;24029066cc1c3bffb8ebf6dc4b1c3997	ftp.sra.ebi.ac.uk/vol1/run/ERR182/ERR1824099/Lab8_sample3_TAAGGCGACGTCTAAT_L001_R1_001.fastq.gz;ftp.sra.ebi.ac.uk/vol1/run/ERR182/ERR1824099/Lab8_sample3_TAAGGCGACGTCTAAT_L001_R2_001.fastq.gz	S3_Lab_8	Interlaboratory trial
ERR1824100	d75d797e78fa8c6c009a1565d3e5f891;9ada514b28021c10e62e465babf6715f	ftp.sra.ebi.ac.uk/vol1/run/ERR182/ERR1824100/Lab9_sample3_GCTCATGACGTCTAAT_L001_R1_001.fastq.gz;ftp.sra.ebi.ac.uk/vol1/run/ERR182/ERR1824100/Lab9_sample3_GCTCATGACGTCTAAT_L001_R2_001.fastq.gz	S3_Lab_9	Interlaboratory trial
ERR1824101	03d553e843c8cfc1b2c0fbd28e85bcbe;6201302532445f4e43f00cdad413fb68	ftp.sra.ebi.ac.uk/vol1/run/ERR182/ERR1824101/Lab10_sample3_AAGAGGCATCTCTCCG_L001_R1_001.fastq.gz;ftp.sra.ebi.ac.uk/vol1/run/ERR182/ERR1824101/Lab10_sample3_AAGAGGCATCTCTCCG_L001_R2_001.fastq.gz	S3_Lab_10	Interlaboratory trial
ERR1824102	dbbe0dc4026358fa69575149391400fa;6f214fd18f73c521df8a796114b9f50e	ftp.sra.ebi.ac.uk/vol1/run/ERR182/ERR1824102/Lab11_sample3_ACTGAGCGCTCTCTAT_L001_R1_001.fastq.gz;ftp.sra.ebi.ac.uk/vol1/run/ERR182/ERR1824102/Lab11_sample3_ACTGAGCGCTCTCTAT_L001_R2_001.fastq.gz	S3_Lab_11	Interlaboratory trial
ERR1824103	8eeadf0441c14d17203f37628f89ba21;5c83cd0a526d0bbb7b85d1b60471a918	ftp.sra.ebi.ac.uk/vol1/run/ERR182/ERR1824103/Lab12_sample3_ATGCGCAGTATCCTCT_L001_R1_001.fastq.gz;ftp.sra.ebi.ac.uk/vol1/run/ERR182/ERR1824103/Lab12_sample3_ATGCGCAGTATCCTCT_L001_R2_001.fastq.gz	S3_Lab_12	Interlaboratory trial
ERR1824104	f98aec9483290638b25917c6df25d777;34dfc376c4425628720afab34094fbe8	ftp.sra.ebi.ac.uk/vol1/run/ERR182/ERR1824104/Lab13_sample3_CGGAGCCTGTAAGGAG_L001_R1_001.fastq.gz;ftp.sra.ebi.ac.uk/vol1/run/ERR182/ERR1824104/Lab13_sample3_CGGAGCCTGTAAGGAG_L001_R2_001.fastq.gz	S3_Lab_13	Interlaboratory trial
ERR1824105	9b9a1d202a33f58aa727a85c6197ade4;3d7eb013814e72d05920dd2d1322f554	ftp.sra.ebi.ac.uk/vol1/run/ERR182/ERR1824105/Lab14_sample3_GGAGCTACACTGCATA_L001_R1_001.fastq.gz;ftp.sra.ebi.ac.uk/vol1/run/ERR182/ERR1824105/Lab14_sample3_GGAGCTACACTGCATA_L001_R2_001.fastq.gz	S3_Lab_14	Interlaboratory trial
ERR1824106	99184582035b47407dbf0c0aa30d76af;c477d82ac6aade95ff52213b90568385	ftp.sra.ebi.ac.uk/vol1/run/ERR182/ERR1824106/Lab15_sample3_TCGACGTCACTGCATA_L001_R1_001.fastq.gz;ftp.sra.ebi.ac.uk/vol1/run/ERR182/ERR1824106/Lab15_sample3_TCGACGTCACTGCATA_L001_R2_001.fastq.gz	S3_Lab_15	Interlaboratory trial
ERR1824107	76e7ad6f9648028b3da28cc6287a8ecf;a794411f59df8169a2b71a3adcb277b9	ftp.sra.ebi.ac.uk/vol1/run/ERR182/ERR1824107/Lab16_sample3_CGATCAGTAAGGAGTA_L001_R1_001.fastq.gz;ftp.sra.ebi.ac.uk/vol1/run/ERR182/ERR1824107/Lab16_sample3_CGATCAGTAAGGAGTA_L001_R2_001.fastq.gz	S3_Lab_16	Interlaboratory trial
ERR1824108	58dd0266be7917f5989fc047663f4042;861ce8ae52e384eabe7a9dc0bc51116a	ftp.sra.ebi.ac.uk/vol1/run/ERR182/ERR1824108/Lab1_sample4_TCCTGAGCCTCTCTAT_L001_R1_001.fastq.gz;ftp.sra.ebi.ac.uk/vol1/run/ERR182/ERR1824108/Lab1_sample4_TCCTGAGCCTCTCTAT_L001_R2_001.fastq.gz	S4_Lab_1	Interlaboratory trial
ERR1824109	a22d7038ce341963d9607eac10b518a5;6a238a8909ac033652573eec307fba3c	ftp.sra.ebi.ac.uk/vol1/run/ERR182/ERR1824109/Lab2_sample4_CGTACTAGTATCCTCT_L001_R1_001.fastq.gz;ftp.sra.ebi.ac.uk/vol1/run/ERR182/ERR1824109/Lab2_sample4_CGTACTAGTATCCTCT_L001_R2_001.fastq.gz	S4_Lab_2	Interlaboratory trial
ERR1824110	4e27bfc9a0f3b6167d5f09b4286957f0;7edd8103434dbfb6f261f692427e5284	ftp.sra.ebi.ac.uk/vol1/run/ERR182/ERR1824110/Lab3_sample4_ATCTCAGGTATCCTCT_L001_R1_001.fastq.gz;ftp.sra.ebi.ac.uk/vol1/run/ERR182/ERR1824110/Lab3_sample4_ATCTCAGGTATCCTCT_L001_R2_001.fastq.gz	S4_Lab_3	Interlaboratory trial
ERR1824111	d9b14856293631eaaa3b3aa5fc099821;ce392a7429be2f04bdb7674d90f20dbe	ftp.sra.ebi.ac.uk/vol1/run/ERR182/ERR1824111/Lab4_sample4_GTAGAGGAGTAAGGAG_L001_R1_001.fastq.gz;ftp.sra.ebi.ac.uk/vol1/run/ERR182/ERR1824111/Lab4_sample4_GTAGAGGAGTAAGGAG_L001_R2_001.fastq.gz	S4_Lab_4	Interlaboratory trial
ERR1824112	13d80e16ef6364b94e86ca8b4f4d28ae;46afcdd42c99d93c11c77df4d6776bdc	ftp.sra.ebi.ac.uk/vol1/run/ERR182/ERR1824112/Lab5_sample4_CGAGGCTGACTGCATA_L001_R1_001.fastq.gz;ftp.sra.ebi.ac.uk/vol1/run/ERR182/ERR1824112/Lab5_sample4_CGAGGCTGACTGCATA_L001_R2_001.fastq.gz	S4_Lab_5	Interlaboratory trial
ERR1824113	dc3afe87fcc3425e5464e8b53288af42;9f40a20e40fd172b58a46a83a8fe1103	ftp.sra.ebi.ac.uk/vol1/run/ERR182/ERR1824113/Lab6_sample4_TAGGCATGAAGGAGTA_L001_R1_001.fastq.gz;ftp.sra.ebi.ac.uk/vol1/run/ERR182/ERR1824113/Lab6_sample4_TAGGCATGAAGGAGTA_L001_R2_001.fastq.gz	S4_Lab_6	Interlaboratory trial
ERR1824114	5a7020bfa19eae4c0f928c493b3c4032;dc558050ec68e7f86aee5d374f127de6	ftp.sra.ebi.ac.uk/vol1/run/ERR182/ERR1824114/Lab7_sample4_TCCTGAGCCTAAGCCT_L001_R1_001.fastq.gz;ftp.sra.ebi.ac.uk/vol1/run/ERR182/ERR1824114/Lab7_sample4_TCCTGAGCCTAAGCCT_L001_R2_001.fastq.gz	S4_Lab_7	Interlaboratory trial
ERR1824115	5c89fd47244b726608aead21910abe79;dd217e6eb6c56bf85ed3150b4b365d2a	ftp.sra.ebi.ac.uk/vol1/run/ERR182/ERR1824115/Lab8_sample4_CGTACTAGCGTCTAAT_L001_R1_001.fastq.gz;ftp.sra.ebi.ac.uk/vol1/run/ERR182/ERR1824115/Lab8_sample4_CGTACTAGCGTCTAAT_L001_R2_001.fastq.gz	S4_Lab_8	Interlaboratory trial
ERR1824116	80c44d6f188a5d9cb1e8490606ed7f76;996e1cecf5f294407d617970f65c1b43	ftp.sra.ebi.ac.uk/vol1/run/ERR182/ERR1824116/Lab9_sample4_ATCTCAGGCGTCTAAT_L001_R1_001.fastq.gz;ftp.sra.ebi.ac.uk/vol1/run/ERR182/ERR1824116/Lab9_sample4_ATCTCAGGCGTCTAAT_L001_R2_001.fastq.gz	S4_Lab_9	Interlaboratory trial
ERR1824117	656f6ddbbd3459b5a20a2829cc4a2be0;af8cf979fc4ba1580c5caff0cf4821e6	ftp.sra.ebi.ac.uk/vol1/run/ERR182/ERR1824117/Lab10_sample4_GTAGAGGATCTCTCCG_L001_R1_001.fastq.gz;ftp.sra.ebi.ac.uk/vol1/run/ERR182/ERR1824117/Lab10_sample4_GTAGAGGATCTCTCCG_L001_R2_001.fastq.gz	S4_Lab_10	Interlaboratory trial
ERR1824118	95de938510f439ab853cdbe7fe4b5f3e;4e2ddb0b100ea8e833859e2fd24c0d76	ftp.sra.ebi.ac.uk/vol1/run/ERR182/ERR1824118/Lab11_sample4_CCTAAGACCTCTCTAT_L001_R1_001.fastq.gz;ftp.sra.ebi.ac.uk/vol1/run/ERR182/ERR1824118/Lab11_sample4_CCTAAGACCTCTCTAT_L001_R2_001.fastq.gz	S4_Lab_11	Interlaboratory trial
ERR1824119	5522da496251dd3ad163f520dabe4b31;0c5252e4ea2509a3624a77b00dcc72ee	ftp.sra.ebi.ac.uk/vol1/run/ERR182/ERR1824119/Lab12_sample4_TAGCGCTCTATCCTCT_L001_R1_001.fastq.gz;ftp.sra.ebi.ac.uk/vol1/run/ERR182/ERR1824119/Lab12_sample4_TAGCGCTCTATCCTCT_L001_R2_001.fastq.gz	S4_Lab_12	Interlaboratory trial
ERR1824120	23c0658320452553d7b796d6220e9db0;99c156aea47715532e458fec94f7d5c3	ftp.sra.ebi.ac.uk/vol1/run/ERR182/ERR1824120/Lab13_sample4_TACGCTGCGTAAGGAG_L001_R1_001.fastq.gz;ftp.sra.ebi.ac.uk/vol1/run/ERR182/ERR1824120/Lab13_sample4_TACGCTGCGTAAGGAG_L001_R2_001.fastq.gz	S4_Lab_13	Interlaboratory trial
ERR1824121	df4074396770b325d5a338529a5fdba3;6e527ae008afa50bec3b59f8b1db9dde	ftp.sra.ebi.ac.uk/vol1/run/ERR182/ERR1824121/Lab14_sample4_GCGTAGTAACTGCATA_L001_R1_001.fastq.gz;ftp.sra.ebi.ac.uk/vol1/run/ERR182/ERR1824121/Lab14_sample4_GCGTAGTAACTGCATA_L001_R2_001.fastq.gz	S4_Lab_14	Interlaboratory trial
ERR1824122	4f03f817a23ae3553a9182067471906f;403dfac4519502d0084b45987bd491d6	ftp.sra.ebi.ac.uk/vol1/run/ERR182/ERR1824122/Lab15_sample4_ACTCGCTAAAGGAGTA_L001_R1_001.fastq.gz;ftp.sra.ebi.ac.uk/vol1/run/ERR182/ERR1824122/Lab15_sample4_ACTCGCTAAAGGAGTA_L001_R2_001.fastq.gz	S4_Lab_15	Interlaboratory trial
ERR1824123	80c7e2ebd667909776f15c28c99af46e;d67c756a60cc09f34c4ed744e1b743e0	ftp.sra.ebi.ac.uk/vol1/run/ERR182/ERR1824123/Lab16_sample4_TGCAGCTAAAGGAGTA_L001_R1_001.fastq.gz;ftp.sra.ebi.ac.uk/vol1/run/ERR182/ERR1824123/Lab16_sample4_TGCAGCTAAAGGAGTA_L001_R2_001.fastq.gz	S4_Lab_16	Interlaboratory trial
ERR1824124	b3034ba7faf9803217a99f1b36b2d9d9;2fcf789b2468114192b9682f4f9b21d2	ftp.sra.ebi.ac.uk/vol1/run/ERR182/ERR1824124/Lab1_sample5_GGACTCCTCTCTCTAT_L001_R1_001.fastq.gz;ftp.sra.ebi.ac.uk/vol1/run/ERR182/ERR1824124/Lab1_sample5_GGACTCCTCTCTCTAT_L001_R2_001.fastq.gz	S5_Lab_1	Interlaboratory trial
ERR1824125	eee1a51ff7b595fda03837497957ff8a;084e32f41134da1c2c9afdf7e435fc9d	ftp.sra.ebi.ac.uk/vol1/run/ERR182/ERR1824125/Lab2_sample5_AGGCAGAATATCCTCT_L001_R1_001.fastq.gz;ftp.sra.ebi.ac.uk/vol1/run/ERR182/ERR1824125/Lab2_sample5_AGGCAGAATATCCTCT_L001_R2_001.fastq.gz	S5_Lab_2	Interlaboratory trial
ERR1824126	19df480c57483bc347a0fd9aa4e08317;ffe31509d0360e3b5059b719812879c6	ftp.sra.ebi.ac.uk/vol1/run/ERR182/ERR1824126/Lab3_sample5_TAAGGCGAGTAAGGAG_L001_R1_001.fastq.gz;ftp.sra.ebi.ac.uk/vol1/run/ERR182/ERR1824126/Lab3_sample5_TAAGGCGAGTAAGGAG_L001_R2_001.fastq.gz	S5_Lab_3	Interlaboratory trial
ERR1824127	2f523a849e61621a92120cb2242ae73d;d5828ab36f6a34ed94944a16a1bc6a9b	ftp.sra.ebi.ac.uk/vol1/run/ERR182/ERR1824127/Lab4_sample5_GCTCATGAGTAAGGAG_L001_R1_001.fastq.gz;ftp.sra.ebi.ac.uk/vol1/run/ERR182/ERR1824127/Lab4_sample5_GCTCATGAGTAAGGAG_L001_R2_001.fastq.gz	S5_Lab_4	Interlaboratory trial
ERR1824128	cf807b8e7e4eedb8eef8e2a36f2aec70;1b80ca59f80890deef7183b5f0e34e06	ftp.sra.ebi.ac.uk/vol1/run/ERR182/ERR1824128/Lab5_sample5_AAGAGGCAACTGCATA_L001_R1_001.fastq.gz;ftp.sra.ebi.ac.uk/vol1/run/ERR182/ERR1824128/Lab5_sample5_AAGAGGCAACTGCATA_L001_R2_001.fastq.gz	S5_Lab_5	Interlaboratory trial
ERR1824129	c9cce02a73c7bbf6285c2ed375863710;a687af5046ab3d2236bf5ff63b645c43	ftp.sra.ebi.ac.uk/vol1/run/ERR182/ERR1824129/Lab6_sample5_CTCTCTACAAGGAGTA_L001_R1_001.fastq.gz;ftp.sra.ebi.ac.uk/vol1/run/ERR182/ERR1824129/Lab6_sample5_CTCTCTACAAGGAGTA_L001_R2_001.fastq.gz	S5_Lab_6	Interlaboratory trial
ERR1824130	896150ad81314de35e2ad6b8575555eb;30c98dc1a2b3e6008e2c16c8b246cc8d	ftp.sra.ebi.ac.uk/vol1/run/ERR182/ERR1824130/Lab7_sample5_GGACTCCTCTAAGCCT_L001_R1_001.fastq.gz;ftp.sra.ebi.ac.uk/vol1/run/ERR182/ERR1824130/Lab7_sample5_GGACTCCTCTAAGCCT_L001_R2_001.fastq.gz	S5_Lab_7	Interlaboratory trial
ERR1824131	f23ddf776efbdc56b8f8357660fba5e2;9c0db17370ee266f42579fd0024e72cd	ftp.sra.ebi.ac.uk/vol1/run/ERR182/ERR1824131/Lab8_sample5_AGGCAGAACGTCTAAT_L001_R1_001.fastq.gz;ftp.sra.ebi.ac.uk/vol1/run/ERR182/ERR1824131/Lab8_sample5_AGGCAGAACGTCTAAT_L001_R2_001.fastq.gz	S5_Lab_8	Interlaboratory trial
ERR1824132	60071d68d9b17005413bcc4a2c622856;b6c7d621d19f2b7c74c3c3ade2633187	ftp.sra.ebi.ac.uk/vol1/run/ERR182/ERR1824132/Lab9_sample5_TAAGGCGATCTCTCCG_L001_R1_001.fastq.gz;ftp.sra.ebi.ac.uk/vol1/run/ERR182/ERR1824132/Lab9_sample5_TAAGGCGATCTCTCCG_L001_R2_001.fastq.gz	S5_Lab_9	Interlaboratory trial
ERR1824133	dec37254ff11ccd53fa4bef183547c23;ffd582e2f692e59529a6bd37f7398063	ftp.sra.ebi.ac.uk/vol1/run/ERR182/ERR1824133/Lab10_sample5_GCTCATGATCTCTCCG_L001_R1_001.fastq.gz;ftp.sra.ebi.ac.uk/vol1/run/ERR182/ERR1824133/Lab10_sample5_GCTCATGATCTCTCCG_L001_R2_001.fastq.gz	S5_Lab_10	Interlaboratory trial
ERR1824134	a97e4d5d9a35c8ee06cf434d94dd4f9c;d1a8762b6dcc37cd82c7f226185ca51a	ftp.sra.ebi.ac.uk/vol1/run/ERR182/ERR1824134/Lab11_sample5_CGATCAGTCTCTCTAT_L001_R1_001.fastq.gz;ftp.sra.ebi.ac.uk/vol1/run/ERR182/ERR1824134/Lab11_sample5_CGATCAGTCTCTCTAT_L001_R2_001.fastq.gz	S5_Lab_11	Interlaboratory trial
ERR1824135	f577fb489dd259d781eb5c30c94a13b3;01c9c294b9ea36cad2bf1bf6dad17c66	ftp.sra.ebi.ac.uk/vol1/run/ERR182/ERR1824135/Lab12_sample5_ACTGAGCGTATCCTCT_L001_R1_001.fastq.gz;ftp.sra.ebi.ac.uk/vol1/run/ERR182/ERR1824135/Lab12_sample5_ACTGAGCGTATCCTCT_L001_R2_001.fastq.gz	S5_Lab_12	Interlaboratory trial
ERR1824136	dda9f123f0ff35c36b440199e8f72a5a;7efc968dcb79e3137c3a5548129ba796	ftp.sra.ebi.ac.uk/vol1/run/ERR182/ERR1824136/Lab13_sample5_ATGCGCAGGTAAGGAG_L001_R1_001.fastq.gz;ftp.sra.ebi.ac.uk/vol1/run/ERR182/ERR1824136/Lab13_sample5_ATGCGCAGGTAAGGAG_L001_R2_001.fastq.gz	S5_Lab_13	Interlaboratory trial
ERR1824137	3900e9db80bda09eac983a4e9f81dbb1;af46cc37141fc11af525c9a6a9435bc9	ftp.sra.ebi.ac.uk/vol1/run/ERR182/ERR1824137/Lab14_sample5_CGGAGCCTACTGCATA_L001_R1_001.fastq.gz;ftp.sra.ebi.ac.uk/vol1/run/ERR182/ERR1824137/Lab14_sample5_CGGAGCCTACTGCATA_L001_R2_001.fastq.gz	S5_Lab_14	Interlaboratory trial
ERR1824138	7d6c63114e40f6d17772792154d2dc1f;1dae5e8eb35531f8777f7583267f63ac	ftp.sra.ebi.ac.uk/vol1/run/ERR182/ERR1824138/Lab15_sample5_GGAGCTACAAGGAGTA_L001_R1_001.fastq.gz;ftp.sra.ebi.ac.uk/vol1/run/ERR182/ERR1824138/Lab15_sample5_GGAGCTACAAGGAGTA_L001_R2_001.fastq.gz	S5_Lab_15	Interlaboratory trial
ERR1824139	6f98860efe1e681cc0dbcc4084285864;287473e83ed702e7a40109790e8b1301	ftp.sra.ebi.ac.uk/vol1/run/ERR182/ERR1824139/Lab16_sample5_TCGACGTCAAGGAGTA_L001_R1_001.fastq.gz;ftp.sra.ebi.ac.uk/vol1/run/ERR182/ERR1824139/Lab16_sample5_TCGACGTCAAGGAGTA_L001_R2_001.fastq.gz	S5_Lab_16	Interlaboratory trial
ERR1824140	bacbba9d6ebd30f535a2aa0377b1cf41;4bc8af0232d87ef9fbbff49500a06b49	ftp.sra.ebi.ac.uk/vol1/run/ERR182/ERR1824140/Lab1_sample6_TAGGCATGCTCTCTAT_L001_R1_001.fastq.gz;ftp.sra.ebi.ac.uk/vol1/run/ERR182/ERR1824140/Lab1_sample6_TAGGCATGCTCTCTAT_L001_R2_001.fastq.gz	S6_Lab_1	Interlaboratory trial
ERR1824141	49bb368a4114ed89570354296bcb202b;aeab1814c34d9f1d40b938b0f1867b95	ftp.sra.ebi.ac.uk/vol1/run/ERR182/ERR1824141/Lab2_sample6_TCCTGAGCTATCCTCT_L001_R1_001.fastq.gz;ftp.sra.ebi.ac.uk/vol1/run/ERR182/ERR1824141/Lab2_sample6_TCCTGAGCTATCCTCT_L001_R2_001.fastq.gz	S6_Lab_2	Interlaboratory trial
ERR1824142	72949974165bfca095c6c1a9fe183669;98a0312cd9c649cc72da34870c7c3c87	ftp.sra.ebi.ac.uk/vol1/run/ERR182/ERR1824142/Lab3_sample6_CGTACTAGGTAAGGAG_L001_R1_001.fastq.gz;ftp.sra.ebi.ac.uk/vol1/run/ERR182/ERR1824142/Lab3_sample6_CGTACTAGGTAAGGAG_L001_R2_001.fastq.gz	S6_Lab_3	Interlaboratory trial
ERR1824143	2dc203b28da7055035831f9541ea6372;1cc5046b00adf856ac592c8f24d14d4c	ftp.sra.ebi.ac.uk/vol1/run/ERR182/ERR1824143/Lab4_sample6_ATCTCAGGGTAAGGAG_L001_R1_001.fastq.gz;ftp.sra.ebi.ac.uk/vol1/run/ERR182/ERR1824143/Lab4_sample6_ATCTCAGGGTAAGGAG_L001_R2_001.fastq.gz	S6_Lab_4	Interlaboratory trial
ERR1824144	bfc526cbb9c06c0282714a244cd81408;0982ef8f766f1d158a181ead4cd64d85	ftp.sra.ebi.ac.uk/vol1/run/ERR182/ERR1824144/Lab5_sample6_GTAGAGGAACTGCATA_L001_R1_001.fastq.gz;ftp.sra.ebi.ac.uk/vol1/run/ERR182/ERR1824144/Lab5_sample6_GTAGAGGAACTGCATA_L001_R2_001.fastq.gz	S6_Lab_5	Interlaboratory trial
ERR1824145	454656c22dc702b1a82605c489bceafe;6596c18c238fce272e4c4a5133bad647	ftp.sra.ebi.ac.uk/vol1/run/ERR182/ERR1824145/Lab6_sample6_CGAGGCTGAAGGAGTA_L001_R1_001.fastq.gz;ftp.sra.ebi.ac.uk/vol1/run/ERR182/ERR1824145/Lab6_sample6_CGAGGCTGAAGGAGTA_L001_R2_001.fastq.gz	S6_Lab_6	Interlaboratory trial
ERR1824146	e9484d8f9d8e21ab221dc7c83e989986;349c7f3db899403f1a5c2c999500186d	ftp.sra.ebi.ac.uk/vol1/run/ERR182/ERR1824146/Lab7_sample6_TAGGCATGCTAAGCCT_L001_R1_001.fastq.gz;ftp.sra.ebi.ac.uk/vol1/run/ERR182/ERR1824146/Lab7_sample6_TAGGCATGCTAAGCCT_L001_R2_001.fastq.gz	S6_Lab_7	Interlaboratory trial
ERR1824147	d6fd572566f49393be602f2e7675fe56;e222b6500d7d42f58478b0ba4216dd0f	ftp.sra.ebi.ac.uk/vol1/run/ERR182/ERR1824147/Lab8_sample6_TCCTGAGCCGTCTAAT_L001_R1_001.fastq.gz;ftp.sra.ebi.ac.uk/vol1/run/ERR182/ERR1824147/Lab8_sample6_TCCTGAGCCGTCTAAT_L001_R2_001.fastq.gz	S6_Lab_8	Interlaboratory trial
ERR1824148	b82b9ec6d9dfd2d5eb532eca862480c2;f500edad61f29a9355df99800c08e915	ftp.sra.ebi.ac.uk/vol1/run/ERR182/ERR1824148/Lab9_sample6_CGTACTAGTCTCTCCG_L001_R1_001.fastq.gz;ftp.sra.ebi.ac.uk/vol1/run/ERR182/ERR1824148/Lab9_sample6_CGTACTAGTCTCTCCG_L001_R2_001.fastq.gz	S6_Lab_9	Interlaboratory trial
ERR1824149	a9abb68149e9bc17a435d4034fb9c931;a3628c9feec7018f5ef964c2427b05d3	ftp.sra.ebi.ac.uk/vol1/run/ERR182/ERR1824149/Lab10_sample6_ACTCGCTACTCTCTAT_L001_R1_001.fastq.gz;ftp.sra.ebi.ac.uk/vol1/run/ERR182/ERR1824149/Lab10_sample6_ACTCGCTACTCTCTAT_L001_R2_001.fastq.gz	S6_Lab_10	Interlaboratory trial
ERR1824150	d0178d1708c80ccd169f3fc7f5ba8627;2f93fc8745e0774354758a44819100c8	ftp.sra.ebi.ac.uk/vol1/run/ERR182/ERR1824150/Lab11_sample6_TGCAGCTACTCTCTAT_L001_R1_001.fastq.gz;ftp.sra.ebi.ac.uk/vol1/run/ERR182/ERR1824150/Lab11_sample6_TGCAGCTACTCTCTAT_L001_R2_001.fastq.gz	S6_Lab_11	Interlaboratory trial
ERR1824151	3cca5c80b9db99e3e0f7429f3e4c4b51;98b269f90e5a0191f927f61b097848b1	ftp.sra.ebi.ac.uk/vol1/run/ERR182/ERR1824151/Lab12_sample6_CCTAAGACTATCCTCT_L001_R1_001.fastq.gz;ftp.sra.ebi.ac.uk/vol1/run/ERR182/ERR1824151/Lab12_sample6_CCTAAGACTATCCTCT_L001_R2_001.fastq.gz	S6_Lab_12	Interlaboratory trial
ERR1824152	7d61cd181b113367e751c69b89e207c2;cad9a4f3753f4e4fcc464f095005d7d3	ftp.sra.ebi.ac.uk/vol1/run/ERR182/ERR1824152/Lab13_sample6_TAGCGCTCGTAAGGAG_L001_R1_001.fastq.gz;ftp.sra.ebi.ac.uk/vol1/run/ERR182/ERR1824152/Lab13_sample6_TAGCGCTCGTAAGGAG_L001_R2_001.fastq.gz	S6_Lab_13	Interlaboratory trial
ERR1824153	70f0431e07985cca6790b71a8b691bdb;57c897063b4c3ca3f0f6bc887780bcdc	ftp.sra.ebi.ac.uk/vol1/run/ERR182/ERR1824153/Lab14_sample6_TACGCTGCACTGCATA_L001_R1_001.fastq.gz;ftp.sra.ebi.ac.uk/vol1/run/ERR182/ERR1824153/Lab14_sample6_TACGCTGCACTGCATA_L001_R2_001.fastq.gz	S6_Lab_14	Interlaboratory trial
ERR1824154	ec69bd04ea88e9bed459cd49fa419a08;5a5d545de2b8c5a02702b0b52e03ef19	ftp.sra.ebi.ac.uk/vol1/run/ERR182/ERR1824154/Lab15_sample6_GCGTAGTAAAGGAGTA_L001_R1_001.fastq.gz;ftp.sra.ebi.ac.uk/vol1/run/ERR182/ERR1824154/Lab15_sample6_GCGTAGTAAAGGAGTA_L001_R2_001.fastq.gz	S6_Lab_15	Interlaboratory trial
ERR1824155	acb542606ec8e4f1fb44e343cf884016;5f4e7010567431ea6a5910513ba99fea	ftp.sra.ebi.ac.uk/vol1/run/ERR182/ERR1824155/Lab16_sample6_ACTCGCTACTAAGCCT_L001_R1_001.fastq.gz;ftp.sra.ebi.ac.uk/vol1/run/ERR182/ERR1824155/Lab16_sample6_ACTCGCTACTAAGCCT_L001_R2_001.fastq.gz	S6_Lab_16	Interlaboratory trial
ERR1824156	b82d332d77e01b757a325033cf3f0559;07ba7d20196aadb44b9e76c64079253c	ftp.sra.ebi.ac.uk/vol1/run/ERR182/ERR1824156/Lab1_sample7_CTCTCTACCTCTCTAT_L001_R1_001.fastq.gz;ftp.sra.ebi.ac.uk/vol1/run/ERR182/ERR1824156/Lab1_sample7_CTCTCTACCTCTCTAT_L001_R2_001.fastq.gz	S7_Lab_1	Interlaboratory trial
ERR1824157	08edf48d59ca35cc6836d1c0e153c3d5;3afbd1476213eda0a62f181ff90b2874	ftp.sra.ebi.ac.uk/vol1/run/ERR182/ERR1824157/Lab2_sample7_GGACTCCTTATCCTCT_L001_R1_001.fastq.gz;ftp.sra.ebi.ac.uk/vol1/run/ERR182/ERR1824157/Lab2_sample7_GGACTCCTTATCCTCT_L001_R2_001.fastq.gz	S7_Lab_2	Interlaboratory trial
ERR1824158	3980b1f905f836d868f7188e4bdb4ede;3b7eede94b30bda2232d0cfd6e58d174	ftp.sra.ebi.ac.uk/vol1/run/ERR182/ERR1824158/Lab3_sample7_AGGCAGAAGTAAGGAG_L001_R1_001.fastq.gz;ftp.sra.ebi.ac.uk/vol1/run/ERR182/ERR1824158/Lab3_sample7_AGGCAGAAGTAAGGAG_L001_R2_001.fastq.gz	S7_Lab_3	Interlaboratory trial
ERR1824159	ad6768e796918464bebdf5cc4f1de275;a2cc8644022f422521ed86af2d36427f	ftp.sra.ebi.ac.uk/vol1/run/ERR182/ERR1824159/Lab4_sample7_TAAGGCGAACTGCATA_L001_R1_001.fastq.gz;ftp.sra.ebi.ac.uk/vol1/run/ERR182/ERR1824159/Lab4_sample7_TAAGGCGAACTGCATA_L001_R2_001.fastq.gz	S7_Lab_4	Interlaboratory trial
ERR1824160	6412e14a08757f16628adbc501b3c0c6;77e41f903fe21c60d36bab459b064f6b	ftp.sra.ebi.ac.uk/vol1/run/ERR182/ERR1824160/Lab5_sample7_GCTCATGAACTGCATA_L001_R1_001.fastq.gz;ftp.sra.ebi.ac.uk/vol1/run/ERR182/ERR1824160/Lab5_sample7_GCTCATGAACTGCATA_L001_R2_001.fastq.gz	S7_Lab_5	Interlaboratory trial
ERR1824161	446c76dce1fcb0e98a92555e344b20a7;2072c1d20be511243d663e851ec50fdd	ftp.sra.ebi.ac.uk/vol1/run/ERR182/ERR1824161/Lab6_sample7_AAGAGGCAAAGGAGTA_L001_R1_001.fastq.gz;ftp.sra.ebi.ac.uk/vol1/run/ERR182/ERR1824161/Lab6_sample7_AAGAGGCAAAGGAGTA_L001_R2_001.fastq.gz	S7_Lab_6	Interlaboratory trial
ERR1824162	389c7234e6dc4c5d5911bdfadb41259b;abf8436d4e6f25bc16ac9b16c88f415f	ftp.sra.ebi.ac.uk/vol1/run/ERR182/ERR1824162/Lab7_sample7_CTCTCTACCTAAGCCT_L001_R1_001.fastq.gz;ftp.sra.ebi.ac.uk/vol1/run/ERR182/ERR1824162/Lab7_sample7_CTCTCTACCTAAGCCT_L001_R2_001.fastq.gz	S7_Lab_7	Interlaboratory trial
ERR1824163	40b62a52404bfdbe6a0bdf892431e516;4acc3eb5456e48eaf84e96f26e79207c	ftp.sra.ebi.ac.uk/vol1/run/ERR182/ERR1824163/Lab8_sample7_GGACTCCTCGTCTAAT_L001_R1_001.fastq.gz;ftp.sra.ebi.ac.uk/vol1/run/ERR182/ERR1824163/Lab8_sample7_GGACTCCTCGTCTAAT_L001_R2_001.fastq.gz	S7_Lab_8	Interlaboratory trial
ERR1824164	527394c71b29d28a2c9c7b28538267fa;bd13c9eae5495acdc6d591bc7bc0d2b9	ftp.sra.ebi.ac.uk/vol1/run/ERR182/ERR1824164/Lab9_sample7_AGGCAGAATCTCTCCG_L001_R1_001.fastq.gz;ftp.sra.ebi.ac.uk/vol1/run/ERR182/ERR1824164/Lab9_sample7_AGGCAGAATCTCTCCG_L001_R2_001.fastq.gz	S7_Lab_9	Interlaboratory trial
ERR1824165	a804dd4f5cf8fdaba2a6f256946afb83;2c712a736e67b6d9246c659207861932	ftp.sra.ebi.ac.uk/vol1/run/ERR182/ERR1824165/Lab10_sample7_GGAGCTACCTCTCTAT_L001_R1_001.fastq.gz;ftp.sra.ebi.ac.uk/vol1/run/ERR182/ERR1824165/Lab10_sample7_GGAGCTACCTCTCTAT_L001_R2_001.fastq.gz	S7_Lab_10	Interlaboratory trial
ERR1824166	bdb5c4b3c1b2c3b63af14bc9bcedaa4b;b92db9453243ae6003643b5357743f42	ftp.sra.ebi.ac.uk/vol1/run/ERR182/ERR1824166/Lab11_sample7_TCGACGTCCTCTCTAT_L001_R1_001.fastq.gz;ftp.sra.ebi.ac.uk/vol1/run/ERR182/ERR1824166/Lab11_sample7_TCGACGTCCTCTCTAT_L001_R2_001.fastq.gz	S7_Lab_11	Interlaboratory trial
ERR1824167	3b1a40d1408ba9affd7bcfe84091d048;f94ec4e7e859f4ff330d904e1fb9f1d8	ftp.sra.ebi.ac.uk/vol1/run/ERR182/ERR1824167/Lab12_sample7_CGATCAGTTATCCTCT_L001_R1_001.fastq.gz;ftp.sra.ebi.ac.uk/vol1/run/ERR182/ERR1824167/Lab12_sample7_CGATCAGTTATCCTCT_L001_R2_001.fastq.gz	S7_Lab_12	Interlaboratory trial
ERR1824168	efd9bcdabfccd984802d6214ed2e9948;5827832cc52648e3b42a7c33a70ec545	ftp.sra.ebi.ac.uk/vol1/run/ERR182/ERR1824168/Lab13_sample7_ACTGAGCGGTAAGGAG_L001_R1_001.fastq.gz;ftp.sra.ebi.ac.uk/vol1/run/ERR182/ERR1824168/Lab13_sample7_ACTGAGCGGTAAGGAG_L001_R2_001.fastq.gz	S7_Lab_13	Interlaboratory trial
ERR1824169	e3b1240fe4e14199339d7f8833340aa6;d08e7f07acb365324136f2fb5da6e62e	ftp.sra.ebi.ac.uk/vol1/run/ERR182/ERR1824169/Lab14_sample7_ATGCGCAGACTGCATA_L001_R1_001.fastq.gz;ftp.sra.ebi.ac.uk/vol1/run/ERR182/ERR1824169/Lab14_sample7_ATGCGCAGACTGCATA_L001_R2_001.fastq.gz	S7_Lab_14	Interlaboratory trial
ERR1824170	f97c84500b151e88be2340dddc207da1;041633b356d5da261111ffb820ea1f91	ftp.sra.ebi.ac.uk/vol1/run/ERR182/ERR1824170/Lab15_sample7_CGGAGCCTAAGGAGTA_L001_R1_001.fastq.gz;ftp.sra.ebi.ac.uk/vol1/run/ERR182/ERR1824170/Lab15_sample7_CGGAGCCTAAGGAGTA_L001_R2_001.fastq.gz	S7_Lab_15	Interlaboratory trial
ERR1824171	3c9b7a4a8a0410a563e4cc56f6e91868;2b7d6d64e2e506c2e542c96a7b842931	ftp.sra.ebi.ac.uk/vol1/run/ERR182/ERR1824171/Lab16_sample7_GGAGCTACCTAAGCCT_L001_R1_001.fastq.gz;ftp.sra.ebi.ac.uk/vol1/run/ERR182/ERR1824171/Lab16_sample7_GGAGCTACCTAAGCCT_L001_R2_001.fastq.gz	S7_Lab_16	Interlaboratory trial
ERR1824174	19846a59e3aa78891a2302fda26ae949;5dc11839b574cb2b7e3bb99ac49325e2	ftp.sra.ebi.ac.uk/vol1/run/ERR182/ERR1824174/Lab1_sample8_CGAGGCTGCTCTCTAT_L001_R1_001.fastq.gz;ftp.sra.ebi.ac.uk/vol1/run/ERR182/ERR1824174/Lab1_sample8_CGAGGCTGCTCTCTAT_L001_R2_001.fastq.gz	S8_Lab_1	Interlaboratory trial
ERR1824175	a4eebfa2e522c302069a90a21467b002;60b1dede9a9f6be8050cf91309b7787e	ftp.sra.ebi.ac.uk/vol1/run/ERR182/ERR1824175/Lab2_sample8_TAGGCATGTATCCTCT_L001_R1_001.fastq.gz;ftp.sra.ebi.ac.uk/vol1/run/ERR182/ERR1824175/Lab2_sample8_TAGGCATGTATCCTCT_L001_R2_001.fastq.gz	S8_Lab_2	Interlaboratory trial
ERR1824176	ea80fbba2ce09e0608eaf84a90b8a01c;396320211854f49ff29f5a6cf4843060	ftp.sra.ebi.ac.uk/vol1/run/ERR182/ERR1824176/Lab3_sample8_TCCTGAGCGTAAGGAG_L001_R1_001.fastq.gz;ftp.sra.ebi.ac.uk/vol1/run/ERR182/ERR1824176/Lab3_sample8_TCCTGAGCGTAAGGAG_L001_R2_001.fastq.gz	S8_Lab_3	Interlaboratory trial
ERR1824177	fa8b53a3def554f724d385214d7ec19e;afbeb67bb4891179962a610abce5b008	ftp.sra.ebi.ac.uk/vol1/run/ERR182/ERR1824177/Lab4_sample8_CGTACTAGACTGCATA_L001_R1_001.fastq.gz;ftp.sra.ebi.ac.uk/vol1/run/ERR182/ERR1824177/Lab4_sample8_CGTACTAGACTGCATA_L001_R2_001.fastq.gz	S8_Lab_4	Interlaboratory trial
ERR1824178	9beefcb7da1a142a4e8cf7f86c0095e1;78a71d5f1e2c3950aab0c939c54f9242	ftp.sra.ebi.ac.uk/vol1/run/ERR182/ERR1824178/Lab5_sample8_ATCTCAGGACTGCATA_L001_R1_001.fastq.gz;ftp.sra.ebi.ac.uk/vol1/run/ERR182/ERR1824178/Lab5_sample8_ATCTCAGGACTGCATA_L001_R2_001.fastq.gz	S8_Lab_5	Interlaboratory trial
ERR1824179	8cca08ede14c1a47c2495d765bea091c;f0315cb06df035f58e331db5ed567042	ftp.sra.ebi.ac.uk/vol1/run/ERR182/ERR1824179/Lab6_sample8_GTAGAGGAAAGGAGTA_L001_R1_001.fastq.gz;ftp.sra.ebi.ac.uk/vol1/run/ERR182/ERR1824179/Lab6_sample8_GTAGAGGAAAGGAGTA_L001_R2_001.fastq.gz	S8_Lab_6	Interlaboratory trial
ERR1824180	d3a6ea571d4e9756257dbe73c4cae1a7;95ddd82187ccfda5ea2b0ae399f05c6b	ftp.sra.ebi.ac.uk/vol1/run/ERR182/ERR1824180/Lab7_sample8_CGAGGCTGCTAAGCCT_L001_R1_001.fastq.gz;ftp.sra.ebi.ac.uk/vol1/run/ERR182/ERR1824180/Lab7_sample8_CGAGGCTGCTAAGCCT_L001_R2_001.fastq.gz	S8_Lab_7	Interlaboratory trial
ERR1824181	694ffdd64668c47e077bc92f8386fe23;42502743b36846cba0a6735b4dd1aef0	ftp.sra.ebi.ac.uk/vol1/run/ERR182/ERR1824181/Lab8_sample8_TAGGCATGCGTCTAAT_L001_R1_001.fastq.gz;ftp.sra.ebi.ac.uk/vol1/run/ERR182/ERR1824181/Lab8_sample8_TAGGCATGCGTCTAAT_L001_R2_001.fastq.gz	S8_Lab_8	Interlaboratory trial
ERR1824182	ee67c9bd6eb961c588377ed09c117171;0888e412ddea718087d665a7d22ca7b4	ftp.sra.ebi.ac.uk/vol1/run/ERR182/ERR1824182/Lab9_sample8_TCCTGAGCTCTCTCCG_L001_R1_001.fastq.gz;ftp.sra.ebi.ac.uk/vol1/run/ERR182/ERR1824182/Lab9_sample8_TCCTGAGCTCTCTCCG_L001_R2_001.fastq.gz	S8_Lab_9	Interlaboratory trial
ERR1824183	3b6379d3be684ac211f1d36bdbf7a32f;01449cd17e460654754a424435ec0dd9	ftp.sra.ebi.ac.uk/vol1/run/ERR182/ERR1824183/Lab10_sample8_GCGTAGTACTCTCTAT_L001_R1_001.fastq.gz;ftp.sra.ebi.ac.uk/vol1/run/ERR182/ERR1824183/Lab10_sample8_GCGTAGTACTCTCTAT_L001_R2_001.fastq.gz	S8_Lab_10	Interlaboratory trial
ERR1824184	1cb73aa793e1c6a050f39598f0954bd9;934841c09cdba88d88d2348bb9caa632	ftp.sra.ebi.ac.uk/vol1/run/ERR182/ERR1824184/Lab11_sample8_ACTCGCTATATCCTCT_L001_R1_001.fastq.gz;ftp.sra.ebi.ac.uk/vol1/run/ERR182/ERR1824184/Lab11_sample8_ACTCGCTATATCCTCT_L001_R2_001.fastq.gz	S8_Lab_11	Interlaboratory trial
ERR1824185	96b68d6073195da38a3a6b7410edc301;a870b807ac54aa29bcd320b013f69353	ftp.sra.ebi.ac.uk/vol1/run/ERR182/ERR1824185/Lab12_sample8_TGCAGCTATATCCTCT_L001_R1_001.fastq.gz;ftp.sra.ebi.ac.uk/vol1/run/ERR182/ERR1824185/Lab12_sample8_TGCAGCTATATCCTCT_L001_R2_001.fastq.gz	S8_Lab_12	Interlaboratory trial
ERR1824186	ee1369dcca38b49de3087fc9f4b30e33;fb03f8c2dfa88bbae30b1f56e4a2be88	ftp.sra.ebi.ac.uk/vol1/run/ERR182/ERR1824186/Lab13_sample8_CCTAAGACGTAAGGAG_L001_R1_001.fastq.gz;ftp.sra.ebi.ac.uk/vol1/run/ERR182/ERR1824186/Lab13_sample8_CCTAAGACGTAAGGAG_L001_R2_001.fastq.gz	S8_Lab_13	Interlaboratory trial
ERR1824187	6acfc09b67540031580317ef9b32d8de;cea79982b3cd0d8acd713164baa99648	ftp.sra.ebi.ac.uk/vol1/run/ERR182/ERR1824187/Lab14_sample8_TAGCGCTCACTGCATA_L001_R1_001.fastq.gz;ftp.sra.ebi.ac.uk/vol1/run/ERR182/ERR1824187/Lab14_sample8_TAGCGCTCACTGCATA_L001_R2_001.fastq.gz	S8_Lab_14	Interlaboratory trial
ERR1824188	f4bc37a69f418fcb460cf0c579721a2c;9aab4e8aea96db44c0b3fa17815e74bb	ftp.sra.ebi.ac.uk/vol1/run/ERR182/ERR1824188/Lab15_sample8_TACGCTGCAAGGAGTA_L001_R1_001.fastq.gz;ftp.sra.ebi.ac.uk/vol1/run/ERR182/ERR1824188/Lab15_sample8_TACGCTGCAAGGAGTA_L001_R2_001.fastq.gz	S8_Lab_15	Interlaboratory trial
ERR1824189	ab0a0d09b20ba05b6b623c3418fb2640;6262b5a30d3022dbaa40d36c8290fa53	ftp.sra.ebi.ac.uk/vol1/run/ERR182/ERR1824189/Lab16_sample8_GCGTAGTACTAAGCCT_L001_R1_001.fastq.gz;ftp.sra.ebi.ac.uk/vol1/run/ERR182/ERR1824189/Lab16_sample8_GCGTAGTACTAAGCCT_L001_R2_001.fastq.gz	S8_Lab_16	Interlaboratory trial
ERR1824579	dac1cad36e2a619587c74d0922d50963;b3a121af9ca980d4a5b02954ee5c4c04	ftp.sra.ebi.ac.uk/vol1/run/ERR182/ERR1824579/Lab1_sample9_AAGAGGCACTCTCTAT_L001_R1_001.fastq.gz;ftp.sra.ebi.ac.uk/vol1/run/ERR182/ERR1824579/Lab1_sample9_AAGAGGCACTCTCTAT_L001_R2_001.fastq.gz	S9_Lab_1	Interlaboratory trial
ERR1824580	61b32cb91b0724c7fd734306049d351e;af7485938450a93b0bff197607b70f51	ftp.sra.ebi.ac.uk/vol1/run/ERR182/ERR1824580/Lab2_sample9_CTCTCTACTATCCTCT_L001_R1_001.fastq.gz;ftp.sra.ebi.ac.uk/vol1/run/ERR182/ERR1824580/Lab2_sample9_CTCTCTACTATCCTCT_L001_R2_001.fastq.gz	S9_Lab_2	Interlaboratory trial
ERR1824581	9dcfe9ad7f7a4b1b192b0888297d5dcb;c1742befa1218a8bb62f2ab4eec4a186	ftp.sra.ebi.ac.uk/vol1/run/ERR182/ERR1824581/Lab3_sample9_GGACTCCTGTAAGGAG_L001_R1_001.fastq.gz;ftp.sra.ebi.ac.uk/vol1/run/ERR182/ERR1824581/Lab3_sample9_GGACTCCTGTAAGGAG_L001_R2_001.fastq.gz	S9_Lab_3	Interlaboratory trial
ERR1824582	a56f873525296ef149dabe588dba8b38;400372fed3d9519b59519265d7d015fa	ftp.sra.ebi.ac.uk/vol1/run/ERR182/ERR1824582/Lab4_sample9_AGGCAGAAACTGCATA_L001_R1_001.fastq.gz;ftp.sra.ebi.ac.uk/vol1/run/ERR182/ERR1824582/Lab4_sample9_AGGCAGAAACTGCATA_L001_R2_001.fastq.gz	S9_Lab_4	Interlaboratory trial
ERR1824583	00b7b932b616093aaa85bfd44fa9cfea;7b46222978bb019c570b0165940e43dd	ftp.sra.ebi.ac.uk/vol1/run/ERR182/ERR1824583/Lab5_sample9_TAAGGCGAAAGGAGTA_L001_R1_001.fastq.gz;ftp.sra.ebi.ac.uk/vol1/run/ERR182/ERR1824583/Lab5_sample9_TAAGGCGAAAGGAGTA_L001_R2_001.fastq.gz	S9_Lab_5	Interlaboratory trial
ERR1824584	107c6daa92826f889f9d1cebc5843f44;15082ea61539cfdd1e62d4cd34a77244	ftp.sra.ebi.ac.uk/vol1/run/ERR182/ERR1824584/Lab6_sample9_GCTCATGAAAGGAGTA_L001_R1_001.fastq.gz;ftp.sra.ebi.ac.uk/vol1/run/ERR182/ERR1824584/Lab6_sample9_GCTCATGAAAGGAGTA_L001_R2_001.fastq.gz	S9_Lab_6	Interlaboratory trial
ERR1824585	ac0897c37855de640e8d81338ee8b961;acbae0f4ba648542d30db3c34d8987d2	ftp.sra.ebi.ac.uk/vol1/run/ERR182/ERR1824585/Lab7_sample9_AAGAGGCACTAAGCCT_L001_R1_001.fastq.gz;ftp.sra.ebi.ac.uk/vol1/run/ERR182/ERR1824585/Lab7_sample9_AAGAGGCACTAAGCCT_L001_R2_001.fastq.gz	S9_Lab_7	Interlaboratory trial
ERR1824586	2ee475d3a373bb5990bf95efe5a11beb;cfc74c1a94ae5c67a3ca53dcf47d8dec	ftp.sra.ebi.ac.uk/vol1/run/ERR182/ERR1824586/Lab8_sample9_CTCTCTACCGTCTAAT_L001_R1_001.fastq.gz;ftp.sra.ebi.ac.uk/vol1/run/ERR182/ERR1824586/Lab8_sample9_CTCTCTACCGTCTAAT_L001_R2_001.fastq.gz	S9_Lab_8	Interlaboratory trial
ERR1824587	b47b9f955f24d3cc4b4e33414c069fa8;e0aeb18e6114d75dae02832bfb5ba350	ftp.sra.ebi.ac.uk/vol1/run/ERR182/ERR1824587/Lab9_sample9_GGACTCCTTCTCTCCG_L001_R1_001.fastq.gz;ftp.sra.ebi.ac.uk/vol1/run/ERR182/ERR1824587/Lab9_sample9_GGACTCCTTCTCTCCG_L001_R2_001.fastq.gz	S9_Lab_9	Interlaboratory trial
ERR1824588	3c71a8d9a9bd366363c4d8f52745de2f;7273e1736daf0e25feb41cb3085ebeab	ftp.sra.ebi.ac.uk/vol1/run/ERR182/ERR1824588/Lab10_sample9_CGGAGCCTCTCTCTAT_L001_R1_001.fastq.gz;ftp.sra.ebi.ac.uk/vol1/run/ERR182/ERR1824588/Lab10_sample9_CGGAGCCTCTCTCTAT_L001_R2_001.fastq.gz	S9_Lab_10	Interlaboratory trial
ERR1824589	5f2cfb623e2cb514c7cca28b09206244;949b4f0ddf89602b98dcefda254ba962	ftp.sra.ebi.ac.uk/vol1/run/ERR182/ERR1824589/Lab11_sample9_GGAGCTACTATCCTCT_L001_R1_001.fastq.gz;ftp.sra.ebi.ac.uk/vol1/run/ERR182/ERR1824589/Lab11_sample9_GGAGCTACTATCCTCT_L001_R2_001.fastq.gz	S9_Lab_11	Interlaboratory trial
ERR1824590	a94c71bfde9460dbd162df5d9cbaec0d;bd271a9dab93db2167735337f5824680	ftp.sra.ebi.ac.uk/vol1/run/ERR182/ERR1824590/Lab12_sample9_TCGACGTCTATCCTCT_L001_R1_001.fastq.gz;ftp.sra.ebi.ac.uk/vol1/run/ERR182/ERR1824590/Lab12_sample9_TCGACGTCTATCCTCT_L001_R2_001.fastq.gz	S9_Lab_12	Interlaboratory trial
ERR1824591	cc186563ad6122c24f5796ac97c9e093;5d1b6cc9cfdca290b5abb7d9f08d6519	ftp.sra.ebi.ac.uk/vol1/run/ERR182/ERR1824591/Lab13_sample9_CGATCAGTGTAAGGAG_L001_R1_001.fastq.gz;ftp.sra.ebi.ac.uk/vol1/run/ERR182/ERR1824591/Lab13_sample9_CGATCAGTGTAAGGAG_L001_R2_001.fastq.gz	S9_Lab_13	Interlaboratory trial
ERR1824592	4b83dbc7529b4fb3a2609285ee8bb2dc;deaa1184d48ef604cb803626e488c43f	ftp.sra.ebi.ac.uk/vol1/run/ERR182/ERR1824592/Lab14_sample9_ACTGAGCGACTGCATA_L001_R1_001.fastq.gz;ftp.sra.ebi.ac.uk/vol1/run/ERR182/ERR1824592/Lab14_sample9_ACTGAGCGACTGCATA_L001_R2_001.fastq.gz	S9_Lab_14	Interlaboratory trial
ERR1824593	47865080caecdc926ff8ce4b9838223f;20803f7db2515e92e345f47dc0ddf964	ftp.sra.ebi.ac.uk/vol1/run/ERR182/ERR1824593/Lab15_sample9_ATGCGCAGAAGGAGTA_L001_R1_001.fastq.gz;ftp.sra.ebi.ac.uk/vol1/run/ERR182/ERR1824593/Lab15_sample9_ATGCGCAGAAGGAGTA_L001_R2_001.fastq.gz	S9_Lab_15	Interlaboratory trial
ERR1824594	77ea76436bfe6111268bc06a999bcd09;2558aaebb1b226755cc1c426a1d13852	ftp.sra.ebi.ac.uk/vol1/run/ERR182/ERR1824594/Lab16_sample9_CGGAGCCTCTAAGCCT_L001_R1_001.fastq.gz;ftp.sra.ebi.ac.uk/vol1/run/ERR182/ERR1824594/Lab16_sample9_CGGAGCCTCTAAGCCT_L001_R2_001.fastq.gz	S9_Lab_16	Interlaboratory trial
ERR1824619	3c138fcfdd117b4a7bdc3e627c2735ea;efcbb56354bee9c46c9658d82a88be0d	ftp.sra.ebi.ac.uk/vol1/run/ERR182/ERR1824619/Lab1_sample10_GTAGAGGACTCTCTAT_L001_R1_001.fastq.gz;ftp.sra.ebi.ac.uk/vol1/run/ERR182/ERR1824619/Lab1_sample10_GTAGAGGACTCTCTAT_L001_R2_001.fastq.gz	S10_Lab_1	Sample 10 Interlaboratory trial
ERR1824620	16db861073d3cb7d2669b031375a13ed;95871148f6ebdce3f762c23f089d791e	ftp.sra.ebi.ac.uk/vol1/run/ERR182/ERR1824620/Lab2_sample10_CGAGGCTGTATCCTCT_L001_R1_001.fastq.gz;ftp.sra.ebi.ac.uk/vol1/run/ERR182/ERR1824620/Lab2_sample10_CGAGGCTGTATCCTCT_L001_R2_001.fastq.gz	S10_Lab_2	Interlaboratory trial
ERR1824621	3691b482fa80c81227e45dcfaa45d11b;e18e2403de23e8af5b1a3c36f34f125f	ftp.sra.ebi.ac.uk/vol1/run/ERR182/ERR1824621/Lab3_sample10_TAGGCATGGTAAGGAG_L001_R1_001.fastq.gz;ftp.sra.ebi.ac.uk/vol1/run/ERR182/ERR1824621/Lab3_sample10_TAGGCATGGTAAGGAG_L001_R2_001.fastq.gz	S10_Lab_3	Interlaboratory trial
ERR1824622	46cc011b34e27cd944d84e8b81d1b475;f83ac2cb99239bc1303ad6e27dcacf26	ftp.sra.ebi.ac.uk/vol1/run/ERR182/ERR1824622/Lab4_sample10_TCCTGAGCACTGCATA_L001_R1_001.fastq.gz;ftp.sra.ebi.ac.uk/vol1/run/ERR182/ERR1824622/Lab4_sample10_TCCTGAGCACTGCATA_L001_R2_001.fastq.gz	S10_Lab_4	Interlaboratory trial
ERR1824623	10d1cc2e3cf40e9e43586d94c4fc597d;7b72e6a6e8d8093e0c741f8e079a14df	ftp.sra.ebi.ac.uk/vol1/run/ERR182/ERR1824623/Lab5_sample10_CGTACTAGAAGGAGTA_L001_R1_001.fastq.gz;ftp.sra.ebi.ac.uk/vol1/run/ERR182/ERR1824623/Lab5_sample10_CGTACTAGAAGGAGTA_L001_R2_001.fastq.gz	S10_Lab_5	Interlaboratory trial
ERR1824624	34065ce1ad3f420d9c24a0d5520f3165;0c379ad77451c1410f82e9fe9ded44ac	ftp.sra.ebi.ac.uk/vol1/run/ERR182/ERR1824624/Lab6_sample10_ATCTCAGGAAGGAGTA_L001_R1_001.fastq.gz;ftp.sra.ebi.ac.uk/vol1/run/ERR182/ERR1824624/Lab6_sample10_ATCTCAGGAAGGAGTA_L001_R2_001.fastq.gz	S10_Lab_6	Interlaboratory trial
ERR1824625	f5de4d36f5b57ac174a5c912b47bc765;5e3575939f9758f53c5825b8d08e5ffd	ftp.sra.ebi.ac.uk/vol1/run/ERR182/ERR1824625/Lab7_sample10_GTAGAGGACTAAGCCT_L001_R1_001.fastq.gz;ftp.sra.ebi.ac.uk/vol1/run/ERR182/ERR1824625/Lab7_sample10_GTAGAGGACTAAGCCT_L001_R2_001.fastq.gz	S10_Lab_7	Interlaboratory trial
ERR1824626	a1bb131fbecbf970793b704e673dc4b2;24309ff04381fbafcdb803ec6e56d2f6	ftp.sra.ebi.ac.uk/vol1/run/ERR182/ERR1824626/Lab8_sample10_CGAGGCTGCGTCTAAT_L001_R1_001.fastq.gz;ftp.sra.ebi.ac.uk/vol1/run/ERR182/ERR1824626/Lab8_sample10_CGAGGCTGCGTCTAAT_L001_R2_001.fastq.gz	S10_Lab_8	Interlaboratory trial
ERR1824627	157edc8844c240c1e929750670a5f6e5;f02988370009e14a83cd228051bfe4cc	ftp.sra.ebi.ac.uk/vol1/run/ERR182/ERR1824627/Lab9_sample10_TAGGCATGTCTCTCCG_L001_R1_001.fastq.gz;ftp.sra.ebi.ac.uk/vol1/run/ERR182/ERR1824627/Lab9_sample10_TAGGCATGTCTCTCCG_L001_R2_001.fastq.gz	S10_Lab_9	Interlaboratory trial
ERR1824628	05a77b0882851238499d004267d58496;da77fc79adae715a191ddab6c2f78dc1	ftp.sra.ebi.ac.uk/vol1/run/ERR182/ERR1824628/Lab10_sample10_TACGCTGCCTCTCTAT_L001_R1_001.fastq.gz;ftp.sra.ebi.ac.uk/vol1/run/ERR182/ERR1824628/Lab10_sample10_TACGCTGCCTCTCTAT_L001_R2_001.fastq.gz	S10_Lab_10	Interlaboratory trial
ERR1824629	f2091d6be7618c1e91162ec3d477ee90;292ffa5006421d1090e61a1006f2bf80	ftp.sra.ebi.ac.uk/vol1/run/ERR182/ERR1824629/Lab11_sample10_GCGTAGTATATCCTCT_L001_R1_001.fastq.gz;ftp.sra.ebi.ac.uk/vol1/run/ERR182/ERR1824629/Lab11_sample10_GCGTAGTATATCCTCT_L001_R2_001.fastq.gz	S10_Lab_11	Interlaboratory trial
ERR1824630	f4f94db7c8b380229d958ae639e8f74b;5675b45b43b687c15ef316813f81a68a	ftp.sra.ebi.ac.uk/vol1/run/ERR182/ERR1824630/Lab12_sample10_ACTCGCTAGTAAGGAG_L001_R1_001.fastq.gz;ftp.sra.ebi.ac.uk/vol1/run/ERR182/ERR1824630/Lab12_sample10_ACTCGCTAGTAAGGAG_L001_R2_001.fastq.gz	S10_Lab_12	Interlaboratory trial
ERR1824631	fdf3b91ad25e3b202213915d4498382d;0d83b1c594193fd7a68c71e67d75016c	ftp.sra.ebi.ac.uk/vol1/run/ERR182/ERR1824631/Lab13_sample10_TGCAGCTAGTAAGGAG_L001_R1_001.fastq.gz;ftp.sra.ebi.ac.uk/vol1/run/ERR182/ERR1824631/Lab13_sample10_TGCAGCTAGTAAGGAG_L001_R2_001.fastq.gz	S10_Lab_13	Interlaboratory trial
ERR1824632	9e0e72647f869693649fbc61e5d44bc3;fcad6e54875413f5d387f0ffa1d8595f	ftp.sra.ebi.ac.uk/vol1/run/ERR182/ERR1824632/Lab14_sample10_CCTAAGACACTGCATA_L001_R1_001.fastq.gz;ftp.sra.ebi.ac.uk/vol1/run/ERR182/ERR1824632/Lab14_sample10_CCTAAGACACTGCATA_L001_R2_001.fastq.gz	S10_Lab_14	Interlaboratory trial
ERR1824633	e8f8004b3e3f3f3fdd1658e975334520;2a75b8af6a3a06d5538341192e8c8b66	ftp.sra.ebi.ac.uk/vol1/run/ERR182/ERR1824633/Lab15_sample10_TAGCGCTCAAGGAGTA_L001_R1_001.fastq.gz;ftp.sra.ebi.ac.uk/vol1/run/ERR182/ERR1824633/Lab15_sample10_TAGCGCTCAAGGAGTA_L001_R2_001.fastq.gz	S10_Lab_15	Interlaboratory trial
ERR1824634	f9d924aed9c4cf3df17b7afbde0d78f9;8589919bd19107ecda38e902a3009d0d	ftp.sra.ebi.ac.uk/vol1/run/ERR182/ERR1824634/Lab16_sample10_TACGCTGCCTAAGCCT_L001_R1_001.fastq.gz;ftp.sra.ebi.ac.uk/vol1/run/ERR182/ERR1824634/Lab16_sample10_TACGCTGCCTAAGCCT_L001_R2_001.fastq.gz	S10_Lab_16	Interlaboratory trial
