#sequence-name	taxid	genus-species
275cb1864803eb66feb2ec7b316f5a2f_203317	0	Naganishia albida
bb28f2b57f8fddefe6e7b5d01eca8aea_171741	0	Fusarium oxysporum
1d95eaf5ba7187e330ebd3ded8a73b1e_66993	0	Saitoella complicata
d51507f661ebee38a85bec35b70b7ee1_50070	0	Fusarium graminearum
8a55ce39dbcae323230ceaf28f3a24e3_37215	0	Alternaria alternata
d436d161d7ce60f0f2479e3336f032fb_33415	0	Fusarium oxysporum
716f6111ac2ee192c23282e07d23078a_27149	0	Mortierella verticillata
57da2fd614b08a484a9faa69a22be412_12094	0	Claviceps purpurea
a9881d80b46e7ce6fd40c8d47b4847b7_11429	0	Aspergillus flavus
66305c10976c425cc62345d57ca376b8_9448	0	Penicillium expansum
30f0b89518a67c58d70f76ef1cb8064f_9225	0	Rhizoctonia solani
69997d3de8466566fbe277c5bdb76de4_9168	0	Candida apicola
ee5382b80607f0f052a3ad3c4e87d0ce_5470	0	
5ff8070db9db78828fafe962f5d8271a_5161	0	Trichoderma reesei
fcbccf9d3636bdcaf122196ed01a0cc2_3350	0	Neosartorya fischeri
9d312f7036a9240095011ad44fe8fa2c_2624	0	Saitoella complicata
cae29429b90fc6539c440a140494aa25_2343	0	
3eec91875b4acf26c9a643cbe5640b50_1732	0	Fusarium graminearum
e055cb2efa2e1e0eb32d201e018b8609_1034	0	
16daa32a5d0835e370dc47c7708a23d4_979	0	Saccharomyces cerevisiae
365aed2c53fda83772a1052ec273609c_953	0	Naganishia albida
1185446720294c60142f560688ebea21_938	0	
dd4fbaf64e359499f44e83869c012a8a_656	0	Naganishia albida
9cdee771250aa36d4e38abd4ddeb1a8a_601	0	
bbbf5ab30c27e28097e87587af6527b8_569	0	Naganishia albida
67f0a7211050bd3f773065e751a9642f_564	0	Naganishia albida
9bc21b584d669693763826dd887d3486_558	0	Rhizophagus irregularis
e3911bb858dd9ba7fcf541b95d2244b3_546	0	Naganishia albida
850eeb2138ad79b6a728b6c0ca75d819_542	0	Rhizophagus irregularis
0e41c694186045ead8611d0212a5d562_537	0	Naganishia albida
223ea3860dcea2de55140575b9263946_523	0	Naganishia albida
8e80cff032642575806938e038ca8f93_501	0	
f2ffbc500f7d7ac80182970f6b347352_499	0	Naganishia albida
90238f53a731d24fc672fc20ad70d216_499	0	Naganishia albida
327c28570c3dfa42fdd01eee025433e8_495	0	Naganishia albida
25b1396abebdb8579f43204edc5a60c5_494	0	Naganishia albida
0925016ce8786a39d20914108ac132dd_492	0	Naganishia albida
2230568eeaf583253879e977a8bfeec5_478	0	Naganishia albida
9bbc0fcdcc407fd5f6139f06343a10cc_473	0	Naganishia albida
4f83ecafa3c0267f0a6774bf0887bf58_471	0	
05592006567c66475359807959141299_460	0	
450befe270f018e4246f3997ebe6ae8e_459	0	Naganishia albida
28d7ac0385360be255ce31ea96ee2338_458	0	Naganishia albida
52cea00e21b4c7003362fe139de0fd00_457	0	Naganishia albida
d045f194a5d9f9768312a28f00da440b_455	0	
b2281a50e5a57ae673f8172dfdb4a7d8_452	0	Naganishia albida
4bed5bbf3414d6fe942922bd30aaf7b2_450	0	Naganishia albida
f9604c2b84d1c68a6583d496cd96e420_450	0	
cde90cedf36ca1755cff9938f38c6711_449	0	Naganishia albida
63b39a49acc59d6932e6867f9e4616db_440	0	Naganishia albida
1e6cfe379d0cf6f34afc09966da98b62_438	0	
f0b7c6cbd87e7950298e904b4bb4d87e_433	0	Naganishia albida
5f3f70c499e3035461b006be54588829_432	0	
fe43b856b6a978495ccee092f5e972e4_431	0	
ea105691522ea518b2e887f60589c5fc_428	0	Naganishia albida
7776eb092f4ceed1a8136f2daa5dfeae_428	0	Fusarium graminearum
8bf8d2929f38a76b85d8aa493793d415_427	0	
4be7bd1f0ebd9c61f7d1e0263ddcd53e_425	0	Claviceps purpurea
8e72525ad7dfd6a5afc6ffa0ae7b76c2_424	0	Naganishia albida
93dc1dd264510412a9b5215ff05619b4_420	0	Naganishia albida
90eab32bdf3ccee2f47dc1bf6420df0e_419	0	
179451cf8cc07ebab483c35427066968_418	0	Naganishia albida
85ba7353bd1b8b252ddb286785995435_416	0	Naganishia albida
333afdf03756226c0d0b8c936105504f_413	0	Naganishia albida
6d675a96c5e6317cbf44f9559bca3dc4_413	0	Naganishia albida
9f78cde9cad43bd4f9f4f3715e992bee_411	0	
bdae804fa6e59392ab6fbd9061126a87_410	0	Naganishia albida
119d09645dbdeb1416e12e93fd020198_409	0	
0a1a310844d6af57fd1d9936fa6035e6_408	0	Naganishia albida
4fd51770885803ac55076f17e2d3ccbb_400	0	Naganishia albida
bc9b16e86a5340b2fad0e5c56218f90d_400	0	
bc70dd13ccdcbe573058c8c565f8b524_399	0	Naganishia albida
4b75ac9cbe1f2f45ca0e18904ebb8a94_399	0	Naganishia albida
1497a4619382d502da948fa63fc26376_397	0	Naganishia albida
8cf88c09dfcee868fef91fb52474a6b3_397	0	
eb2f71c99d72f63c9e3ed0cd642c990c_396	0	Naganishia albida
f8632dc7460c4b42a7f9f9fd0b6391e0_396	0	Naganishia albida
28d9a7e0211bd515a16fefe5bdc40812_393	0	Naganishia albida
b10de5d9362dd0752748ab8f0ec42a17_388	0	Naganishia albida
e37920908df04699864ef99fcb57fb42_387	0	Naganishia albida
acb2672d2f0a689981d34600672c99fd_385	0	Naganishia albida
2bc78458ea5b0dd89dd5cc815d26000f_385	0	
7368bc7e76df29e9a7d9220a498d64c3_384	0	
afd53af909ca7c2235a79afdbc71983c_381	0	Naganishia albida
38b9427f70b0ce579491b47b6f6d5b5c_378	0	Naganishia albida
52d7e4398b3ec17d5a9a27880929b8c8_377	0	
61982cb7a73c133282522c6090a3da82_376	0	
8e74f38b058222c58943fc6211d277fe_376	0	
7b96244c6bef45f87c621a5fbda9c4fc_375	0	Naganishia albida
8feb681bc12bf1c597cefe163925812c_375	0	
78b5cf992af1840f7c8cb235c61bf6e7_374	0	
3d2d3b6e90fd3b437984bd1ef5ea7ddc_373	0	Naganishia albida
24dfaacd50d5f99c2ca20e6b49ce63ba_373	0	Naganishia albida
f90705d032afc0bc2ce91f1f6e62b5d3_371	0	
5534786af4433cae79361966f87c3623_370	0	
6127c55832ad957eec00b705d6881566_368	0	Naganishia albida
2c81edc22d20fc1bfd32fbdae0a16a73_365	0	
320ce4ef7fa51328fc732858435391dc_365	0	
d3b48a8bf0dd486d97bc2939d066a32c_364	0	Naganishia albida
443a653e1eafec3f65331dd8690fbb65_363	0	Naganishia albida
114ec80c7a954d84357c73d6d5c25cc0_360	0	Naganishia albida
1b6fc38019cf5323c09e9a846ca436ee_358	0	
c85ea7c2bca0f9c6c992345990d00353_352	0	
97c1849279bf11cc52f98a5a34b9cf47_351	0	
dd3d55da2a1a68f5e9e57601a74e28c0_345	0	Naganishia albida
b0c39d8e939fa6cd9b1d4473233c0d61_345	0	Naganishia albida
b5dc2abdd8b245e99a518d87b4b70f13_344	0	Naganishia albida
1f196d40a670355f8f07d6809d5e92bd_343	0	Naganishia albida
c8d174dbc50cf344915df7bf712bfd57_343	0	Naganishia albida
8d8b0320cbec2e349c5c12d49aa8b0d0_343	0	
38dc930cf5505c742d6802813df601af_340	0	
25c02688248d0b8833aadf6f89cba8f0_339	0	Naganishia albida
ed584ccfc6db2d4faddbddafc8f1f696_338	0	Naganishia albida
4d6c17e11d60bcd902a81980e0fef4f5_336	0	Naganishia albida
bd6168345012b69675799668a237f675_332	0	
b7afddc0e778cfa88708fb0ab49d13cd_332	0	
4f6ebfee0a6cf4fb8c76ea3f46f07c71_329	0	
c9cb20e11645d0ff31df50f67a1a2a43_328	0	
f3c09b2250c2e459857a93723ebbc0ad_323	0	
87fb4f961be681e8fcaf3dc7e2402fc3_320	0	
4daf00cbffa80561053f41ac1b6a606c_319	0	Naganishia albida
ed99cb79a4f8d787a1c3470cd5d20ae2_318	0	
7a78ca4c0ddbc40db182d04d69e2bef2_312	0	Naganishia albida
a6aa2eabb00c6d71eb407cbc674d5f98_312	0	Naganishia albida
a382797e81cbce2fa3455275f11577ed_311	0	
3aed24b578d6335116496d97031401b8_310	0	Naganishia albida
d5b772de7a297cf32266f8bd8e2db196_308	0	Naganishia albida
5a20a4af1ff38e322e8b1d82d7d62fc8_307	0	Naganishia albida
a0aa9940a09955cc4d0d8e370d08bcc3_306	0	Naganishia albida
3906832858baef9fb69cd7823c95ec06_304	0	Naganishia albida
912e24d742206c2394dc4e8ae9afd425_304	0	
723796651d160376f6f232c5cc52d5e2_303	0	
0079ea7277b25f5d59261680345d9384_302	0	Naganishia albida
ecd07390b47943277f9b228e8f8bc939_299	0	
00afc67ef904be07878d485ee4f51655_292	0	Naganishia albida
a2a72c845739bfdc4960d9864495b32b_291	0	Naganishia albida
b8e94c97ff78b0a11ba19b14623c331c_285	0	
d17a3c05ef8aaee2e9b1baacc26eda77_284	0	Naganishia albida
7351c6f36f950a9cb27989b51f29dc34_283	0	Naganishia albida
85d4ffb6e982231f3cd91be7c9bed6e1_282	0	
3e9fbbeb4c7f52acd056c49033253446_281	0	
05a9c1e4c6be24e01740f491c62b380b_280	0	Naganishia albida
35b86a1bdf3c2379d9f9c040be9d5c5e_279	0	
168e6548c054dba13d9f919f068ce998_279	0	
27af37203b080c672e76b69894a4c213_274	0	Naganishia albida
7573577542c722feb768594719fb1373_273	0	Naganishia albida
ce813961771bf6302ac86fb7b59a3401_271	0	
3fc9bba86ac0973b8e78240844976aa8_271	0	
85afef296abeef0463260b819ff758fe_269	0	Naganishia albida
296d774149856572df19d737d86c4d7c_268	0	Naganishia albida
c31624ca5a20e043d3b63978f3a9e61f_264	0	
f8502a1ccbc5305ee1a2202761244e52_264	0	
3af9bf6e57bd9c1cc11492b6d97b1589_260	0	
1b5edce48d9577ff6f8e15f913478554_259	0	Naganishia albida
bce23858139c11aacd6d61a016eae097_259	0	Naganishia albida
dc5ea2f4dac5218f48c11b43198ea7a5_258	0	
33846370b422e13a3f1406b038eaff67_257	0	Naganishia albida
f4cd57368118d152fb9f4b3bfd12a797_254	0	Naganishia albida
d3bfd7466872be97bc143442ee540402_253	0	
35a685fcc2f10af809a1c5101ee3da2b_253	0	
29a9f9f7e86c39d2cd2839d68b6d4025_249	0	Naganishia albida
c1c69e8b88c1c96aa1a080c95d53c607_249	0	Naganishia albida
9cfc30d55ef9cb4b75288ec9d6ae9ad9_244	0	
9ec430346b19664ca3b104686e2c3d1e_242	0	
122ec8e10c82517011367222bb037295_242	0	
8923d53fe8cc5ef9d475b0047153f506_241	0	Naganishia albida
fcb542b80b7a7b82923d2119da41f552_240	0	Naganishia albida
1266cf2d5b80297e59ead1455c8225f4_234	0	
2c78f2b6d9fddfa4758fcce7266bb6e2_233	0	Naganishia albida
b62ac90273339fa120c8343f8afed5fc_232	0	Naganishia albida
980fb674c358965cf47bfa1b78849ff9_227	0	
7febe8377f349ae4c401895702ed5799_226	0	Naganishia albida
8aa9b80d2dd9f47fe256465be1214037_223	0	
4cdd9f231eca983b95e862b9715b6cb0_222	0	
cc63b1eb4b7e2ca280023f468e430993_220	0	
e2d892cde348323754624a20bd46d351_219	0	Naganishia albida
9a62971ddc7f74f904efab67250b626a_218	0	Naganishia albida
0ac6d33838d16dbf8159ecf366e6d84b_212	0	Fusarium oxysporum
e4c4ae921172808652cd7edc74117ed3_211	0	Naganishia albida
daf68de6fbd2b2f9280c166e007ca524_209	0	Naganishia albida
502bea3105e15771022bb07af0eacacd_207	0	Naganishia albida
5ba4348482a872b59855ca25d3ce5d64_206	0	Naganishia albida
36919e4cda2307db9f42625cb87a2710_206	0	
c92e424a4246bb9e6dc59110f153b22b_205	0	
dd67617eac8c01f5b01249fb5be5201a_205	0	
0e6e1872153de5cdd2dd0db6c0fc92e3_198	0	
3064b33ab250606ba5acb2e6c6deb13c_197	0	Naganishia albida
0787c1ea978fc76d1f789a1e4067f8de_195	0	
c6e956ed92d18d97fe97806dace3c32d_193	0	
f7c707eacb347660791363ba1f888480_192	0	
a099a98dcbec9db167883266411107d6_191	0	Rhizophagus irregularis
85775735614d45d056ce5f1b67f8d2b2_190	0	
502766a3eeb27cacc61eac1ab8b143b3_189	0	Naganishia albida
5c744c20e72fac13849aaa0b244f2104_189	0	
fdc32d6d113f8df8d7dae940053025ec_188	0	Naganishia albida
316834d102c7ec6ea357ad3a36e5d769_186	0	
6fe59834b391a2070a2c8b7cbb4ce71b_185	0	
18e04267403c440c7616167a674a905f_182	0	Naganishia albida
05ccdec3f6706f3c6be61ee9f2b064ec_182	0	
a1bc270777eb6b2f2412cb21f37c0628_181	0	
d164ab4542360b2527f003dbfe387558_181	0	Rhizophagus irregularis
09aaa9b0eedac20be6555bf484858efe_180	0	
7c6bb5e57059620ccf190c3c15c51bb3_180	0	Saitoella complicata
e5cb0390fd402e85cdf376d642d5cde6_178	0	Saitoella complicata
92eabf513db7290c7dd287b809636d22_175	0	Naganishia albida
baa9a5125caabd813ed6c081e622114f_171	0	Naganishia albida
bc7a3070629fb0ae345f9364a86a2145_166	0	Naganishia albida
49d6d0b84a8f9e67e9150ed178aa74fa_166	0	
cc6cddd849f4112d717d592b9ccfd0c7_165	0	Fusarium oxysporum
1d6b2c35cb7793c197692a8dc7b03393_164	0	
1855fd573fe9899ea7c1f5c3f001596b_164	0	Saitoella complicata
b1c99f1be434d32badb8ec779b3090ae_164	0	Saitoella complicata
a2179e62e2b4d8303d37ea483eba1c19_163	0	Saitoella complicata
c72571b145d29a53c8737695133da6e0_162	0	Trichoderma reesei
1705001b23e3e1c64f5a908d9563638a_162	0	
978ce5f3f44cd152d9da3e8e26d25dd7_162	0	Saitoella complicata
7d763f457ba8bad73a2ed5383842a928_161	0	Saitoella complicata
c700e20e0383a6b1a7475b569998b634_158	0	Naganishia albida
6f77f2f970a2b4967d5f96e6c248bb59_158	0	Saitoella complicata
019de16d9539dd894195548ef9ec7a39_156	0	Naganishia albida
6f0c5578b16d9a70df53dc21cb7113e2_154	0	
d1b8a9341b1ecf5b514cf41fc7efc31b_151	0	Naganishia albida
61d46ceceea1961e05a1790ceb313088_150	0	Saitoella complicata
61265056b848bf83efbdc0d6458b309c_150	0	Saitoella complicata
6fad808fcf26b2454fbc2bd33919166f_150	0	Mortierella verticillata
d51b5e83829dc0c30b1242b70629aefe_149	0	Naganishia albida
54de3016b147d3281df23fca80423b19_148	0	
b342d1d5a593fb7dad000967423cb210_145	0	Saitoella complicata
7620cd5a943690fdd2b61fa5609da34c_144	0	Saitoella complicata
bf8e9c29662bf8a04b02a4594887e8f8_144	0	Saitoella complicata
b19c98b519d47664b6f6c4366ae97cf7_143	0	Naganishia albida
6ca9f684f26633c44e1bc80ba7f5ae19_143	0	
a6dbc90360977ecc5725ed3e848fe122_143	0	Saitoella complicata
6afc3bcf0f10ca15cdefece612f48906_139	0	
decc685001c9d10e54192d058432a101_138	0	Naganishia albida
7c330d79ab5ef8497a4ff665efd37974_137	0	Saitoella complicata
47586c7258c4f3d4ac8b3b7360fea404_135	0	
cc9fbed55521f6b2e24e6ca6b34b09eb_135	0	Saitoella complicata
6c416da1a1c955d0c9ac9f0d9df2d37c_135	0	Saitoella complicata
e9ec8066f9be2263a22e2ee5ba298f12_134	0	Saitoella complicata
52455e2479ed05c0087cb8df1e3b3837_134	0	Saitoella complicata
67cd3c7140140d792e192061e11e7f7f_133	0	Saitoella complicata
e503440ad549e41a872969c40d9afeb1_132	0	
652f4ef5aaca2b86a2f1d1738a90751b_131	0	Naganishia albida
ecd282075357a412718ce0304bddea6e_131	0	
871cf44cee4a8bc975cb33bf52b4659b_131	0	Saitoella complicata
846ff492ea8d9cffeb3385f84cc4aaa1_130	0	
719df5dbadbb857af32f636739a1f64b_130	0	
f2c68723116f460e3191e6117fadc93a_130	0	Rhizophagus irregularis
63610dfe1410d2677ccfcd61aedba8d2_130	0	Saitoella complicata
2927aba387637c63fcf37b87aeb3205d_130	0	Saitoella complicata
010236309111f555d80cea67230fe5aa_127	0	Fusarium graminearum
d7864e4e6edf85c292b57253467aef53_126	0	Saitoella complicata
681fdb70cfacbe62168101fc9bf0a1aa_126	0	Saitoella complicata
99ccac3127b0fdcf75afe7af3707b2b6_125	0	Saitoella complicata
9192313990a0bfdce1fd20a3048d728c_125	0	Saitoella complicata
26dc839c84d2ed63e053ac9ee519e966_125	0	Saitoella complicata
f56086fa2b43c68b6572495e6e9c10e0_124	0	Naganishia albida
c291a6477b6d95fbd2cd18b0893e7323_124	0	Saitoella complicata
cea175e924e2c55bc8a792d0945e8fbb_123	0	Naganishia albida
3be1073308ee331f4433a98d801ef73e_122	0	Naganishia albida
6d05c7735da536856a8cb9845fe26c2b_122	0	Saitoella complicata
b1218d04632465e3f2a19011f86c4763_121	0	Saitoella complicata
47deedbbe03cc66515b37cb80035ac28_121	0	Saitoella complicata
583eda8f9da7850eb67f6e6906834a65_121	0	Saitoella complicata
200476239bb2a13168aafcdadc869529_120	0	Saitoella complicata
ed4c5f3fee93a91c72f5a9d89f9d764c_120	0	Saitoella complicata
ac04c6e98d727d49b42cc458ccf15eda_119	0	
ba54b7aef86c6243f33c6397edfb85b1_119	0	Saitoella complicata
edece789536ef2b323123cb2a0f6b9ed_118	0	Saitoella complicata
e8834ee8319ac8f7c2af00429a2f932f_117	0	Naganishia albida
1319e8093e75a76cf99b01653dbd886e_117	0	Saitoella complicata
2c1b55e53c4132c114772e5b3a93ed18_117	0	Saitoella complicata
db348839fa02a8b5c1f86fd14f7f7a6a_116	0	Saitoella complicata
d837d6e0b54647d89c4ae643146e6e1a_116	0	Saitoella complicata
6fee94527e8c7419e620b02786797f6a_116	0	Saitoella complicata
124e306b5aa7f95718b47d9e448f4858_115	0	
e77934d5c79a3484f01e86306aef99ba_115	0	Saitoella complicata
fd5faf8ebdaf597af2ac30d66449ef92_114	0	Saitoella complicata
2369a0ddf49b774ce4fbd10d069aa11f_113	0	Alternaria alternata
48c65f1c7d865b0dc5de5901daab4a98_113	0	Penicillium expansum
7f4ea2973724c4deee941b4505ed4949_112	0	
db4d616f883a3a939652e5b6a3c0ab6c_112	0	Candida apicola
67728acbb6f265eae2a0b5aa22e53db8_112	0	Saitoella complicata
68c45b0d58837fdc01d4f4019251ccaf_112	0	Saitoella complicata
07a837b6b933f5de56f1e80c3373b36a_112	0	Saitoella complicata
9775955fd505838100d6a686e026c340_110	0	Alternaria alternata
fb358c6c216e936762816a400be53875_110	0	
a8d5a9a98577ea0fd795e500cdfdf462_110	0	Saitoella complicata
f3e942e20f0654c36c079757eefb9972_110	0	Saitoella complicata
062f9b28355e5bbc8a0f009e3a21db49_109	0	
4e97ad50d9cf5c0955d1e451ba4283dc_109	0	Saitoella complicata
fe6f10b406f42196c74abd1765fca8d9_108	0	
cc1c1759dcccecf257c1bb83854a336e_107	0	
77eea98287c4b45aa45ffdfe980fe203_107	0	Saitoella complicata
abe19ae53473d8b930063acbd2a1a94e_106	0	Naganishia albida
d8f7c610d8f6168a44afc466355baec7_106	0	Naganishia albida
eba9b61055d828d4e9c12deae12d0dcc_106	0	
ffa650053aa2dd131f84ee885e4d6786_106	0	
9b4a02bc830471192e327c3bbd2dde4d_106	0	Saitoella complicata
a8af7f82f50d736e8f4942e01cd895ee_105	0	Naganishia albida
e76a6e15f20bd7e70b4d1b168baa4a8c_105	0	Naganishia albida
8953e050e24b48e9f8e38e1dc99a8aeb_105	0	Fusarium oxysporum
95ff248cb643dfe6a5f3da12ac5fd3f8_105	0	Saitoella complicata
18787e1397e5a17762f9623d2fc5c88c_105	0	Saitoella complicata
85910b217157d109d90c272f8a20f4a8_104	0	Naganishia albida
1b2146bbae567896721278d542252c50_104	0	Fusarium graminearum
1ac64c6588792deb70c610e8c66f474f_104	0	Mortierella verticillata
122e7a3c5813aa99de09d5709d357043_103	0	Naganishia albida
bfbf5003e67396740cb2d514810aa1a7_103	0	
4e55dc90ccedeb810b11f757a93742f7_103	0	Saitoella complicata
98203ab32fa99812303efce57bad4c82_102	0	
5fe4d8b565e650415f6d72baeebdaaf7_102	0	Saitoella complicata
434456eb1173902f734029bbbd455c40_101	0	
e829de8ad4e55b84cbf0f8379d28b954_101	0	
332dd0754fdff4023ef0b6a2e6467ddc_101	0	Alternaria alternata
39ae764e5b92b315c45c16ea3715f219_101	0	Saitoella complicata
1429553fedabed38b2efab26e2c01524_101	0	Saitoella complicata
4e8d778719d11a7e86a8cca15fa5764d_101	0	Mortierella verticillata
98850694d9fa62e6e4a03b9663f01e24_100	0	Naganishia albida
b56038338947616b0bc254be8e4c3f84_100	0	Alternaria alternata
1dc0d122d19d147c6a529f2b3c81f64b_100	0	Alternaria alternata
9c4e77a48ad66bc3830d1ae602d2b2ba_100	0	
4233e3fac0a0ec9b65483012d2807de8_100	0	Fusarium oxysporum
e9d2fc91d0450b90a2c00dcc05dddcf8_99	0	Alternaria alternata
a5843001e29a7049980a79dddb4042b4_99	0	
70302bfe1c21025193c0cf32a03516f5_99	0	Saitoella complicata
c489d70f312c3e0715d73c2d8f690c29_99	0	Saitoella complicata
70763a9846a5977599d9fe6230bba0f9_98	0	Alternaria alternata
b33fe6f184d606aea0e4b88ac5d1fc49_98	0	Rhizophagus irregularis
d741c9c569f2d0e8c57c182c5947c1f3_98	0	Saitoella complicata
aeb8122724a20bb66a0272c300a535fd_98	0	Saitoella complicata
bc92610c8dc0ac4961b1cec174a9a744_97	0	Naganishia albida
c56e3fcb39881fe3c199a4c42430d73c_97	0	
216d00ae450cf9306b3512485806b400_97	0	Fusarium graminearum
308a3d4fdcdb2566e680ef0354fa23e5_96	0	Naganishia albida
8a89bb8f106e36501725fe616dba3fde_96	0	Saitoella complicata
c4068e82e959bfb0472920bd4d3bd638_96	0	Saitoella complicata
1748822dd85fa328b62d8dabba724ac4_95	0	Naganishia albida
3594711d5770303a50e2a8d8e4a7044e_95	0	Alternaria alternata
d282768ba212d9719f129ce830fdb2c8_95	0	
89155fe8479504be0ff672e0f62977c5_95	0	Saitoella complicata
a2f9d85e2a283294e79d7effab431f37_95	0	Saitoella complicata
21c5857a4abb9371ed0787d5210b23ed_94	0	Fusarium oxysporum
e776c988f68bc4bedba6f785c8ec6a96_94	0	Saitoella complicata
5bfa25477eb3f3040e9d5787712cca08_93	0	Naganishia albida
312d81f8f5d0b37503b820b726ccf4f8_93	0	Fusarium graminearum
0ee02d644d495adecdf84ef1d4749b99_93	0	Saitoella complicata
490404951af44655f9f903f1fdae4e24_93	0	Saitoella complicata
76ba457376395d12c4274301744880e4_93	0	Saitoella complicata
1d485fb06f62fced7acf04801d89480c_92	0	Alternaria alternata
b05de6ef9a85af3dc42a6e4fadeda08c_92	0	
bba6a7e46248e15988d335be06e23154_92	0	Saitoella complicata
fd340fc6ff457755d6ad5eab65f4602f_91	0	Naganishia albida
420b6cd12eb6c9082f2595875a3199b1_91	0	Alternaria alternata
2e4e999a91b4cf870af4e7698531ecc7_90	0	Naganishia albida
7c333cd36ec3b7fb6faa0404382fa6f1_90	0	Fusarium graminearum
8d00cc38fe5cdf32a395cc1007679527_90	0	Saitoella complicata
7913e670787b5b0746ed6f5bc884501a_89	0	Alternaria alternata
cad635db1c44d543fc6b658a30b8d294_89	0	
cf5fe0b2b81ebb81448da9fb6c636e55_89	0	
009edafe50b6bbf96e45653e53555b1d_89	0	Fusarium oxysporum
ea6f1acabb1432a67272886184bb0024_89	0	Fusarium oxysporum
0c2e811e46c144686f2bed0cb082a51e_89	0	Saitoella complicata
2eb6896edf1f274e3b94da8206aea427_89	0	Saitoella complicata
32a25731e0649c3459f71c1857fe9007_88	0	Alternaria alternata
ddafa1b8d344d9c37285ae191742b4c8_88	0	
e5c7c34eea55555900a59d4584755e55_88	0	Fusarium graminearum
7d3c027178a547d110c03c34df064647_88	0	Saitoella complicata
726e02b21750b1cb0a94f086089d49fa_87	0	Naganishia albida
7451d8d4b004c98d6c6373b6c30bbad4_87	0	Alternaria alternata
67044dab416e2f5822034543478d262f_87	0	Saitoella complicata
28957e071dc6f9ae3b87e2edcc918fd8_86	0	Alternaria alternata
04741aaa694bbe66971721dbcc9459cc_86	0	
81674f35e0fa2b21b6f0f65bb09f2b96_86	0	
1e6739ad781bb57181e9e1d0aa33e378_86	0	Saitoella complicata
749a094adf1721b5d17d4715be7ba63a_86	0	Saitoella complicata
7817601619db80ebab804b738c88b120_85	0	Alternaria alternata
96f055505de63652382dba6a912c96b6_85	0	Alternaria alternata
ce92223f9680119e4b89e25d441cc2da_85	0	
39c58cee41ce374881c79c835144c9ac_85	0	Mortierella verticillata
8c385f1183b43e0fa03e76e9a92c7e2a_84	0	Naganishia albida
a065a856448d846bfc43da95290a78ea_84	0	Alternaria alternata
f47695d56fa51dab627776b9d1f5eea8_84	0	Alternaria alternata
78e73445d3155acdc9832c4cec8f08ba_83	0	Alternaria alternata
e0b18498798a501623158b445c8cd00d_83	0	
de8de2b1e3e54821610f1977a18794de_83	0	Fusarium graminearum
8ba450db7169f5424fa03d0f35a02f10_82	0	Naganishia albida
7ac962c116ba388f7eb6cc51daf33d8f_82	0	Naganishia albida
b288e57328185cffe3792a32702dc984_82	0	Naganishia albida
5266a175d7758a86814e3b99c6e31e07_81	0	Alternaria alternata
4b9423cbec95a0c4cc55fe76a26307a7_81	0	Mortierella verticillata
bd2fe896788b5bd4992379c8b6cbf95e_80	0	Naganishia albida
291e95e423f15103fc19b6b0ee9dd041_80	0	Naganishia albida
208b4111ef210028b8ae7664df22361d_80	0	Alternaria alternata
a4066a8b2ce5dea221f049b4f22d422b_80	0	
4adc1e593c77f320ba1e4e7b3043f332_80	0	
e36155520501d8ea8ca96d330692321a_80	0	
7b3fe26a82ecfef04f15dd2fe7a025b6_80	0	Fusarium oxysporum
29f5f6dc04159735c0160131e72d7d74_80	0	Fusarium graminearum
6bd6724a1e0c19355f935bc1925dcb2f_80	0	
7d2c5952d2b766ee1864430b14a7c525_80	0	Saitoella complicata
2cd895ce9c96d7d68551d80706b79634_80	0	Saitoella complicata
12864fe16d4542269a03132f89f8b4c8_80	0	Mortierella verticillata
581998728de4cefaabd4ccb0e7988e6a_79	0	Alternaria alternata
6bb4806b50d2ebe5870751a7bcd72da0_79	0	Alternaria alternata
67f4bf75e4c8f49ec0a0b930a92b3a3d_78	0	Alternaria alternata
d2a8936a0876514f363411f38fe13322_78	0	
79a07d6f274a3cf58cd5464edb64722a_78	0	
ea6ee02f6e6edcdc56fc73f57738f574_77	0	
b38b21bc1dba447f2e7d5181d631c931_77	0	
0a84037ba00c274b5e6667c5db6c08cc_77	0	Saitoella complicata
a0500f76546fc0bd8897c5736c25b461_77	0	Saitoella complicata
f7f41d095a6987eb021c44f47a5dab1e_76	0	Saitoella complicata
6361efffc561b3ffbfe6ddc9a0ca3c7b_76	0	Alternaria alternata
3bdc85743fe1767df78dfb68b46c706e_76	0	Alternaria alternata
e795196de6fa79161eeeb87d4c223c5a_76	0	Alternaria alternata
9249df35c5d081afa9c35b04e2536c52_76	0	Mortierella verticillata
34994ca482ff4591471ce70148ec30eb_75	0	Naganishia albida
8d949554bd8b0a1d074b262fe51d27ed_75	0	Alternaria alternata
d3d618e3891dc6c161a8d200ef969504_75	0	
e6073da2ec0d0351ef85a644b32865a6_75	0	
592de8687f5d6d912e0ad94ed984f9f4_75	0	Fusarium oxysporum
87c62ea215c7eb1d46a25e8a679af1ae_75	0	Mortierella verticillata
507a8731261882e94874d5da8225e8c1_74	0	Naganishia albida
01694e89335837fbdecea881af177756_74	0	
d62b41ec5db4cc5b5bf6b185d486b5ab_74	0	
b74c35875cdc502996231321faca01bc_74	0	
3072cb01fb0e191eaf2432e8b0edc5d8_74	0	Fusarium oxysporum
a2a312557d22de8ca9cc9cce537cc67b_74	0	Fusarium oxysporum
11a141537120f16c8052ecf5ddac4499_74	0	Saitoella complicata
967e320525a7b669e7e08c7cf39cac0f_74	0	Saitoella complicata
6a2eb7d2ad3e784e6f482fd30780bed7_73	0	Naganishia albida
386ef19a3c220b9b2ce4ef5e13d9cff7_73	0	Naganishia albida
a8a4a126ea6c4553ff01570f022d8bc6_73	0	Naganishia albida
0e608515efca0707d7048a2f4b09f373_73	0	
a21708ee30f768f61396a08979a51877_72	0	Naganishia albida
605a62a319ea1a8bce3f1881218f5872_72	0	Alternaria alternata
5371bdf8a8032544e2ee9756296ff810_72	0	Saitoella complicata
eb39473869292be0a8f0b71211fe5ff8_71	0	Rhizomucor miehei
a259966f2ef0c88517ced02333d50f09_71	0	Naganishia albida
7725135d928fa17dc05b12b28a16dd48_71	0	Naganishia albida
baea215ee8f97bcb32f444a88705db6b_71	0	Naganishia albida
650b49dd490e9a1f1a27d0272485f137_71	0	Naganishia albida
b8be519e6253c09f7a5f8bae3d344cd9_71	0	Alternaria alternata
11de93b9d9d6b64e4687701395cec4f6_71	0	Saitoella complicata
bc46938aacde3da6fcfc90feec699014_70	0	Naganishia albida
8b49a4f1622c21b4f3c3315798b889a7_70	0	Naganishia albida
4584cae4a2e64effeeaf7efda4fe2590_70	0	Alternaria alternata
aab81bc674495945f00c7df8fc07eb6c_70	0	
954efd6665cb5b6a4b504c2f61203df8_70	0	Saitoella complicata
1ffec02dc4d1d703fb406e0cbc92e190_70	0	Saitoella complicata
d949de29d0d9a8f8103e3fbbe7ab0824_70	0	Saitoella complicata
395f50cdfed183369606a8d17d1f5f4f_69	0	Alternaria alternata
b241201259ca5fd73b6c2ab3275084e4_69	0	Alternaria alternata
86711a9b15aea7a36364670615debcdd_69	0	Fusarium oxysporum
fb4cdbda9c81ab195082ef2ad301eb3b_69	0	Fusarium oxysporum
7cbb44483c221031e1e3ecd70efa1469_69	0	Fusarium oxysporum
dddfcb4163cc2e1e154882e495a24d58_68	0	Naganishia albida
c03d6d11f020686e347b9077bf8a963e_68	0	Naganishia albida
49216914be1e78dcf3165b83fc71dba7_68	0	Naganishia albida
5c16284067482a24808f8ddfceb68dd1_68	0	Alternaria alternata
5262bec47be4b40443a6f86cad0ff3f9_68	0	Alternaria alternata
fd6bd64e1c53d6d3f168fb785db6f29e_67	0	Mortierella verticillata
e9abf236c6dd5b57437017d7faf90103_67	0	Alternaria alternata
ef7a7126d0dd637a8be97a05441d599e_67	0	
38c95263a005fc628b96600747f50843_67	0	Saitoella complicata
e24caaaa83ea7b41d759949ce0b33dd3_67	0	Saitoella complicata
8490154df9a4a2d3c8a18bcdc040863a_66	0	Naganishia albida
ec6936ef89c668b99731df0dd8f06550_66	0	Naganishia albida
5f08ae1dc464407b252e8831b8a64aad_66	0	Naganishia albida
aa0652cd2018fdd2a28fe5680b49f477_66	0	Alternaria alternata
4b44078d24beb2ab3ea7884356f2e258_66	0	Alternaria alternata
f05d8e64c1c715f80b244841953c7071_66	0	Alternaria alternata
75876c329fc64207040de88feebeac4d_66	0	Alternaria alternata
6da74c008c377248bacb51f0f8762a49_65	0	Naganishia albida
fa3ac84594c45d672152f564be4def49_65	0	Naganishia albida
f7de4a1d6b6a6300670243db38dbecdf_65	0	Fusarium oxysporum
ae96f07c0036741605402c06c9457236_65	0	Fusarium graminearum
e974b689aee4d9cc1e00118500ac7659_65	0	
88ae7f19be949059d6632d38d52ad682_65	0	Fusarium oxysporum
deb5d3c4df82533e8701d2063a89b679_65	0	Saitoella complicata
44223a82fc1bb158f7a5d2632f924b39_65	0	Saitoella complicata
cfc7c53d40b01cf9c2f07c7924107081_64	0	Alternaria alternata
ffa346d39c272dbba9ce44e7a8c52674_64	0	
31a7eed2f57d7da8d1c8f9541589c8b6_64	0	
f208f766ee9d4262b272da1d006292db_64	0	Fusarium oxysporum
189892f1e44be0e45eb5362eb2eb5b76_64	0	
28c07bc09fb3011db7a9dc5685e19adb_64	0	Mortierella verticillata
ae11fab8f6565228a4d4f84b83c37a54_64	0	Mortierella verticillata
a2e98cdd7fdc9937718a20b786fbbda5_63	0	Naganishia albida
41e5a1f2f305568a4dd6f3dc301c8bf2_63	0	
d898feb9bfdce5e7b31efa27d9780da0_63	0	
0a412ccdce58666bbd30db3039873c43_63	0	
39094f665ee6710d995f3e3deb5717e1_63	0	Fusarium oxysporum
79f0b3e3521a840706d08e4afd75808b_63	0	Fusarium graminearum
9078d309beae73596203aec0241eb1cd_63	0	Fusarium graminearum
3f4bcf90042d461d58499590f2daf04f_63	0	Fusarium graminearum
7304997953a2a6436c53d3126c2a987d_63	0	Mortierella verticillata
771cebfeac9d1cb7bb662d10a010ebd5_63	0	Mortierella verticillata
6ea79cf8696f1a98ab3b3fa42d928e2c_62	0	Naganishia albida
a778f7a6bd6924581dea176457ccd110_62	0	Alternaria alternata
4b62bf320f8fcec122eac0b7618bdf24_62	0	Alternaria alternata
2ed207302b1a8124841bae0688db9b5e_62	0	
d8c618ecd576ad14b3fffb931dbb03f0_62	0	
343187ba06e102ed2cfd7de07b2d3113_62	0	
15d86df46fc5d563f1c34d946ae435f4_62	0	
3ac93ca6a1521e04e492192fe0f84197_62	0	
55d736ef8eaecf77054a9af21a8e829f_62	0	Fusarium graminearum
54f033b038e192854de5186dc17da277_62	0	Mortierella verticillata
b0e52cea61d24da22ab904687b5c0781_62	0	Saitoella complicata
f18298a098c51ee692b3b1fe72c0c1f1_61	0	
661f86ab8faa06c7bcaed55d4e1e9c71_61	0	Fusarium oxysporum
c5f18eb8d492c9fc5c938e1ecd3ec4bd_61	0	Saitoella complicata
6518ca3994b6eda2068bbd5d4d000f28_61	0	Mortierella verticillata
c89dfec0656d0e150b819c89db92058c_60	0	Naganishia albida
1eb8e69446392376a317536910bf6c8d_60	0	Naganishia albida
837f569ad00639e728f6df314591c617_60	0	Alternaria alternata
e16fe76cf2c9c162f9569694e8d1e214_60	0	Alternaria alternata
8f6e94e88327150c8455835f9218c5e3_60	0	
249be03565801b3a708e0b862f00a61c_60	0	Fusarium graminearum
ed93dd591b9a2ef920c967d8905fc8dd_60	0	Saitoella complicata
754913f5432f433772c940cde4d1053a_60	0	Saitoella complicata
0c77028fe1d10e4a47fde532f6f5c02e_60	0	Mortierella verticillata
4f095a8baddeb50ac537bf41386cfa03_60	0	Mortierella verticillata
d211031e454aea7fbc5553b7fc537158_59	0	Naganishia albida
6daa2ba152e99b98117de01079610471_59	0	Naganishia albida
16099b0894faab631dce1b908bffa865_59	0	Naganishia albida
8899e57dd011f1a51c688ff354db2c75_59	0	Alternaria alternata
2dd3d0246852cb9fcdaa345a00f80784_59	0	
150ced985bd657c549410d92e96352fe_59	0	
438f65e4f3a8cccf372a5ed73d625efa_59	0	Fusarium oxysporum
98bcfd46692ca118153794aba9437db3_59	0	Fusarium oxysporum
3248ff0b736a9298669e11a465d0e185_58	0	Naganishia albida
911373d1d102d089e59f209ccbdacbf2_58	0	Alternaria alternata
db0907df7917f4688b98248b9ec45c7c_58	0	
fb951e6e3e8a52d208896c4f90027141_58	0	Fusarium oxysporum
e3bfd1cd99cbf4b7ce0cb25751d0c50e_58	0	Saitoella complicata
857c433b4e045babc740accfc1de1824_57	0	Naganishia albida
42466066f900a727b77924eae276eedc_57	0	
2994c2c90a038df1933e271210b51e29_57	0	
26112424b45c6f2bc2e9546168c46ee8_57	0	Fusarium oxysporum
63da49d1c337b1451a0c061f79fcba05_57	0	Fusarium graminearum
e259677bf8ad7c13f3550fc57f8e051d_56	0	Alternaria alternata
8952a5548ddba263ec50e57efdb0008c_56	0	Naganishia albida
722dfb6828b841cda78416f8647152ef_56	0	Alternaria alternata
5b144f7535ddc433d3d0a5305c039d0a_56	0	Alternaria alternata
1448aca9d3f5162655c4f866f592f40b_56	0	Alternaria alternata
b016a8190aa068c4d77a4a2557b6cba9_56	0	Alternaria alternata
b63a2353e7bd6f6a2d6c4c6903eba8c3_56	0	Fusarium oxysporum
118d2c64e1a37ab482484da626445998_56	0	Fusarium oxysporum
66f410e39740ec55039fb37464beb213_56	0	
81cdb95e29bfe73843fb6bef1ab316db_56	0	Saitoella complicata
4156857586f93df84383c5173ac80576_56	0	Naganishia albida
f29a2e470bf092cce6f2c21854632731_55	0	Naganishia albida
357d417f41e36f945f8f7b5166a58a85_55	0	Naganishia albida
3228808d15f550a7c3f52781a51847b2_55	0	Naganishia albida
9b5c38e904dd5207e7ccb5f6f9eb9aab_55	0	Alternaria alternata
47de9d1c9892a87582fe8e64e23b0bbf_55	0	Alternaria alternata
5419335ee33eff2161b80a4939b28306_55	0	
7c1f3e8f17e2f86ed14b788c7368a522_55	0	Fusarium oxysporum
25a3c6f9a24a9493b69d792e615cfe75_55	0	Fusarium oxysporum
3eef6715f0f34ca477d9f9f12a158f8f_55	0	Fusarium graminearum
c0d0f539dc27c1f064438ea6ae3c9d66_55	0	
1012f7eb4a00bd62e3b96bc25238653e_54	0	Naganishia albida
0bb7f18334687e88bfd32e34b5c9f63a_54	0	
da8ea71bc3e2a475b356499b9d8b9de6_54	0	Fusarium graminearum
1172155800429bdaa53e83b8bfb4117a_54	0	
5aa391cff69189f22afff1fc625f5a09_54	0	Mortierella verticillata
72267353a186e9fc460be7ca662fcb86_53	0	Naganishia albida
a688ffa77c00692403119c9ed337132f_53	0	Naganishia albida
420a0546e04e9653ccdcc09f99ef6816_53	0	Alternaria alternata
ceefde1fec7c9416fdd46884e4da39b9_53	0	Fusarium oxysporum
2b19d6a6b097356f570ca19d29ebcfb6_53	0	
e5959d040ed67980638973cff8420acb_53	0	Mortierella verticillata
ab1f0225f77fb169772b334e0c330d92_52	0	Naganishia albida
0ad6f54fd38fce8a0af99a20f15fbf8b_52	0	Naganishia albida
48f105fca57d04e18ac84910507596fb_52	0	Naganishia albida
096964c296ea92ff4bedbb93be1fe6c5_52	0	Naganishia albida
9a25ec80b011c9d689f1e0f1460a810c_52	0	Naganishia albida
de199966a7d2a10351d0e524bf4c976a_52	0	Alternaria alternata
75ab864131aeff1d47f037e07a09d51c_52	0	Fusarium oxysporum
5c726a5932c222484a5c6797bc84088e_52	0	Fusarium graminearum
58c01ff638885bb964eda4f2a526bdd1_52	0	Fusarium graminearum
6680ba8c78d7d21d52ab061e7a1b7055_51	0	Naganishia albida
2372425b065b5ffb2538fca3a4f48ae8_51	0	Alternaria alternata
a8db92df90b31ed3d73c49d7871a18cb_51	0	Fusarium oxysporum
34a773becf47036da901db1be7e8402d_51	0	Fusarium graminearum
4a17ce8a33932ada433929a003a4fb5e_51	0	
c55cab8eb9899ced9fc1c82c6e98b3c7_51	0	Mortierella verticillata
4b39af6d3b74912a0b044d5427b15f31_51	0	Mortierella verticillata
474af5a9e5faff87c3c5c76a762424f6_50	0	Naganishia albida
710b54af485ea441ab4ef1f90c99e4cb_50	0	Naganishia albida
ecd9d81217160f8e3737b5b8c4e07614_50	0	
76b345b2a9d56dbf9fbac483eb9ddd4e_50	0	
455991388566229ef0cc473050eef542_50	0	
622fe269eeae87865ba3a330123eeb08_50	0	Fusarium oxysporum
cd5b7cec36eda8dad42d49d07a6705c9_50	0	Fusarium oxysporum
1595369c9df3b8f9b918699aed63e5ff_50	0	Mortierella verticillata
3e37f3d54d2f6ddc32b29695269bcbb9_49	0	Naganishia albida
ace298a8c61b118730940d4d59930663_49	0	Alternaria alternata
d99330a6bfc82a5cb2a922ba65de6264_49	0	
b932ca4d2ad949b8cdb1da3081c83f01_49	0	
8825dce98e889a9232a51c81979be90b_49	0	Fusarium oxysporum
ee033f72e7d077ce060fe835160bb410_49	0	Fusarium graminearum
8271140dca25401b81964a249b753a62_48	0	Naganishia albida
4e13f9f05d1c58c004f4d58e2c7e883e_48	0	Naganishia albida
4ec2c957bc018b2edfde95e22bbcd29e_48	0	
4e0d96573898185a8af17c35ec29d08c_48	0	Fusarium graminearum
02f8bc0b148aafae12fe42963db2442d_48	0	Mortierella verticillata
e926d2371a4cb7a386bf21eb74cdcec7_47	0	Naganishia albida
fd30ef093a63c8bcdb144e9a40434dad_47	0	Alternaria alternata
b3b224673c29238bfa7d4e197a409285_47	0	
632570da295117f766ea538ab3f8d41d_47	0	Mortierella verticillata
37a7ddc7933abff47eb3bc2731526d4a_47	0	Naganishia albida
45660905312401ff1852082deb1c3c9f_46	0	Naganishia albida
1693416a1ab2891e01dde7b13320ccce_46	0	Naganishia albida
03f0f448297c7c5f0cd0b3fa5d5b3164_46	0	Alternaria alternata
a957a93b5aba132d67682013be93358d_46	0	
6db7ed9a19d3be119a33c5a56f21a1fb_46	0	
319a6394634f92670ea85e8f6b72a86a_46	0	Fusarium graminearum
3951750bba811a5c586637097f16d1ea_46	0	Fusarium oxysporum
8a1066c362a565efb5e9eaf2e48e8a40_46	0	Fusarium graminearum
27e8c084c51a362f67b0b9d142e4b884_46	0	Saitoella complicata
c2c99a33d5bf759dea399bdd1f0ade29_46	0	Mortierella verticillata
b6c3ece5f9c9e73a21878f9b6f7201c7_46	0	Mortierella verticillata
3867b18d4b2d895ff81e34d01dbfad91_45	0	Naganishia albida
46948657c3004254ff00d7598d26d679_45	0	Naganishia albida
a026e9ff7f6a52bc9862afae58878db5_45	0	Naganishia albida
9a28246578ebcfb5201581f86d0f2d0e_45	0	Naganishia albida
767c9d1731713aaf5c22b17c9190053d_45	0	Fusarium graminearum
aa87e79fd9ad19978157bb3aa5fc2e7c_45	0	Fusarium oxysporum
8f7fa9afdc03ac0f8e71c37646775d6c_43	0	Naganishia albida
5562ef388f862f71b75a06daa121ca06_43	0	Naganishia albida
deb7193a12b0ff4c4f77c115a6be49ee_43	0	Naganishia albida
8ec4dc39ff1fdfaa4e9c1bf1d7dff654_43	0	
01de92e8d594fffdada971fe3ddbf18e_43	0	
627e0afe23456263e4967799d7a00de2_43	0	
231589fece1afa81817e37cf67ffd0ca_43	0	Fusarium oxysporum
9c9939fbdd48fceee297adb695ced7ac_43	0	Fusarium oxysporum
1604fc8d9b4c73f28e6a50590b4e46af_43	0	Fusarium oxysporum
884df56cbc406c1262f16c2f476a3298_43	0	Fusarium oxysporum
a9f2572b0b5ba2fcc83aecde3888566c_43	0	Fusarium oxysporum
04e8f802a3538a6d4c58c51b830d564f_43	0	Mortierella verticillata
a414eaad0b84f7de2bd0396d8b1c1813_42	0	Naganishia albida
d91e5e5848b298b6c19ac5ad9d584e3c_42	0	
8f1c60177907cda32698e5744b806cf6_42	0	
2ea6595c0bebfe760981301da5abd453_42	0	Fusarium oxysporum
30f43b44d56cdc4f8d389c567cd03505_42	0	Fusarium graminearum
0ebd320a52e56d21f77c8ca8c7ba3d28_42	0	
8ebcfd2a2573c0b127acc23ca3cd3c52_42	0	Saitoella complicata
a1b9217b48d21090fe3b61532fd2a023_42	0	Saitoella complicata
a115919453721a010a137eebb74f5ca8_42	0	Saitoella complicata
df6cbfe0e4d3be9f29b470a3afb99b69_42	0	Mortierella verticillata
193424fb26ed78440ad952c1434ee8c4_42	0	Mortierella verticillata
881b079811b1a25b537c31cd9136e668_41	0	Naganishia albida
1811346a58602b268a1be8f5fb4abd42_41	0	Naganishia albida
cd1d32acfc5f03f777d170b4ee9ff234_41	0	Naganishia albida
47fb0b12827cb25c74b5a9f6cf0df5dc_41	0	Alternaria alternata
005aca86bf8b9e04bce8900394e47ab7_41	0	Alternaria alternata
7920a0a12b01930d739d2b290c19dfb9_41	0	Fusarium oxysporum
8e1563dd44937c7b0dd463f4cf28a1e3_41	0	Fusarium graminearum
d809dd59133759a53f8cfcfced4af9e0_41	0	
a112810c38cd4a4e01e6d05991ec9306_41	0	Fusarium graminearum
896dd0e79df97279921d8e4f4791aba0_41	0	
be6a69a3a891ba1e61c68a21c22dcf6b_41	0	
2f3d68d34be3e118a474a8dada51b78e_41	0	
eea2b1b8f4f2c5be27024f44bfd20aab_41	0	Fusarium graminearum
d35598d726f8c4b0c7d67b0f101d95b7_41	0	Saitoella complicata
b30766f02162551d5088d5193223ed98_41	0	Mortierella verticillata
5e51c433aafaf6464a5d57bb48228c4a_41	0	Mortierella verticillata
88c135876e8cdc7fb6b50d95d8e957c0_41	0	Mortierella verticillata
b6fa8e110259de7069444808926c423a_40	0	Naganishia albida
a0b90d0013d83662bb843cff3a91ba49_40	0	Naganishia albida
a2705afa49dfc15e7e8940503400899a_40	0	Naganishia albida
99e0efc161530c1e7f685f9a0d459153_40	0	Alternaria alternata
3a1846ef66d43ecb7931933ea6fff29e_40	0	Alternaria alternata
a2c5a4dcfafee01f87361fbdcd6fc615_40	0	
be8436031e34a9f870380857b1ddbcc4_40	0	
887127a4f900362851ccf80d1d228d95_40	0	
7cc583b726ba94f929fb16375a0a1166_40	0	
2f23452db850b20d52044a0f9fb5022d_40	0	
7401e60b257700e4c12763ce5c5d07eb_40	0	Fusarium oxysporum
0d27de2a67e155b2273d7417556e1fa0_40	0	
7a0400056b8bea4695a0f2d9d43a5ff1_40	0	
733eb25fa38538e62f6b16b1d804e157_40	0	
bee560c63d80e90032c9d9e5481c26a1_40	0	Saitoella complicata
a82e934ae9cfe48fa9353ff1e12d062f_40	0	Saitoella complicata
d2070175d780be41b1149e9868250b5b_40	0	Mortierella verticillata
cda892dfc8f72e9f34b930ee4005d6e7_39	0	Naganishia albida
de0ad301aeee07fff6a720916ed3e194_39	0	Naganishia albida
d05e373cf203737e3684219d1efe7481_39	0	Naganishia albida
cd3371917b8b085777439c5d957b2d7e_39	0	Alternaria alternata
312d1f299255307f9fe4f594eda82641_39	0	
1da9286eda04da5bcfe37769d7d3a74a_39	0	
bf7fe8527708675b6c7ee6aceef94afd_39	0	Mortierella verticillata
d5934fcc1457c46e5ca8b345f8771bdf_39	0	Mortierella verticillata
ad7d2a51b79f6c5e6cc6a48daf851dd9_39	0	Mortierella verticillata
1971f01d1b673d62f634c2778d88d518_38	0	Naganishia albida
ccc17c228c7de2e4e91826e677dd5919_38	0	Naganishia albida
bab866f30ef6e19f2cfb8ab7c8eae7b9_38	0	Naganishia albida
09b7e50adc6161909f5502c30ae9cca9_38	0	Naganishia albida
eaed733b663aac2cc9b64d76d84c5543_38	0	
82bca748dc90bafd2b460fcf053bb4b6_38	0	
3813b50acaff7a02928021c606d8e73d_38	0	Fusarium oxysporum
2745a911b522490c3be1b0676b64e93a_38	0	Fusarium oxysporum
f57340ea3db7126a7252b3c5f11fd64d_38	0	Fusarium graminearum
58f838b8473621e4f8a8271b206bff36_38	0	Fusarium graminearum
bdbd5831bcec80ca553803f7fc0ff117_38	0	
76b73a294e321f0f7a0530e4bf873049_38	0	Mortierella verticillata
b2cf369d600593a57fc90c5451407371_38	0	Alternaria alternata
c3854a52e4ee72813d91987a8e902e97_37	0	Naganishia albida
02c3380f81889075eec3284fafba1778_37	0	Naganishia albida
59d0727942dd634a219881b2b637285c_37	0	Naganishia albida
ef19873303cdfc3bdf56f27ee7f9caa2_37	0	Alternaria alternata
9d2b89558497ff079fb271d668b47f4b_37	0	
699361a4e56ef5f4d3615fa9a404c899_37	0	
85ff184150b6bc0c89dd41048ba6cf2b_37	0	Fusarium graminearum
637f5b7f06bd5156f38846c10b58662c_37	0	Fusarium graminearum
5d6157d5b3301a8c6f3f139312c5fb3e_37	0	
8ad690ef547ac81bf60a2905f7928aeb_37	0	Saitoella complicata
1aec103393259967b56e5eb7bad0538b_37	0	Mortierella verticillata
61004829b460146109ee0c4a7c4a51b0_37	0	Mortierella verticillata
80ce55d266160137487886686b2c70ee_37	0	Mortierella verticillata
b6a8b957898a4be3bbf24d774f4023c1_36	0	Naganishia albida
a469f1d9423fdc165edbdc863ba869d7_36	0	Naganishia albida
6d5aeb73d0d251f863c2aff30a8207e0_36	0	Naganishia albida
4cc1860284b56a91f3e1aa164e18e677_36	0	Alternaria alternata
33b93dc17c28820dd563bf3d47a32518_36	0	Alternaria alternata
587e44eb2fe79f77011d6cdbe45690bf_36	0	Fusarium graminearum
1fdb3dca39529b2d150d4672d91cb493_36	0	
b2b20717bdcb0f146a011202219b1dbd_36	0	Fusarium oxysporum
2584a89e910ee1072a1021516f7a2c68_36	0	Fusarium graminearum
3f54759a20b9de2f3e9e65255ef95900_36	0	Fusarium oxysporum
bbdcf17c670f148f172b35df3d490f0a_36	0	Saitoella complicata
a448003e9edf35ad76da02e19e3e72f7_36	0	Mortierella verticillata
04680298fad91d94bbf80d10cf59deec_36	0	Mortierella verticillata
84482885f53ea60d9756feba7608ebfa_36	0	Mortierella verticillata
57b3825b639e55f06c10d0e3ef4c73c9_36	0	Mortierella verticillata
08b41b144e9a2872a8ce657bfc2b0a2b_35	0	Naganishia albida
63c8851a4f4587c9dd3e5083267b9255_35	0	Naganishia albida
9ad48fcc6a5669dbdf268a781773ee65_35	0	Naganishia albida
29a9f4d878cd34d1ae17531bc27e0acd_35	0	Alternaria alternata
016af6344f96295907aa83c090f8d5fd_35	0	Fusarium graminearum
f2af0306ee9a183063e77d5aa9921326_35	0	
28ecd51b7377ca6860783596b471c228_35	0	
b2caff2ce53f1cdd4e8ecaa4fb214b5d_35	0	
618bd378ebc6238acc93a8dd5dd6ea3d_35	0	Fusarium graminearum
786ad03451a71bda7c153af7c695204d_35	0	Mortierella verticillata
90d074914b3e434810d96b0a7a0e903f_35	0	Mortierella verticillata
fedb658c034911305865a3c34cfdbd4c_34	0	Fusarium graminearum
3b1074b7ceb781acc8b7747930d4e50e_34	0	
6b63cbf978544535fd44eeec6c02af41_34	0	Fusarium graminearum
b1c673e2acb5b48d5306a75624630a75_34	0	Saitoella complicata
44abb9bc7dc346b104ebbcf83d841674_34	0	Mortierella verticillata
58927e104fa1e84573c0b1bcecfd5c1e_34	0	Mortierella verticillata
01b8ec0692d754ae1d451b29a20dfb03_34	0	Alternaria alternata
c513ffe69d14d71e3c3beece7633590a_33	0	Mortierella verticillata
7e392f182911b35eb1ec1c5f60d5097b_33	0	Naganishia albida
bc35700c889013799a1942d1de075dac_33	0	Naganishia albida
1987317f7c4a76fea158172dcec7a42d_33	0	Naganishia albida
a225c9aea75bd3140b6978c78980c0e7_33	0	Naganishia albida
1584785b0027cc836919ddf805469217_33	0	Alternaria alternata
58f3c8d8c606d7ffb6c981961cceb550_33	0	Alternaria alternata
916676b7c2a1c251367c1b2134f3bba3_33	0	
9494602504ca262e1de30429de91cc14_33	0	
c52c156dc05fc2670a5cd5ca17b092e8_33	0	
b7559b7e5fcd7de9376d3bfd7e3948da_33	0	
b4b42f231e9add6e0e6f7e77e69aa6dd_33	0	Fusarium oxysporum
0b881fc8bd54b226db9365065a94ec16_33	0	Fusarium graminearum
301181f673ab045746c003348d39a5d9_33	0	Fusarium graminearum
d56211bab64d79866e668cc162f19492_33	0	
0c141735728fccea49787f9e78602045_33	0	Saitoella complicata
953f3f2d3386d092dcc5ba20fd0b9269_33	0	Mortierella verticillata
c7bc90f1bf996d6b7ee10eeb4dc20b99_33	0	Fusarium oxysporum
bf339ed42f1cbe0cd68075bc806f8f4f_32	0	Naganishia albida
9003e634522b6ef71005d55c0326c5a6_32	0	Naganishia albida
3fa582d60696a69c311d969d99777b4d_32	0	Naganishia albida
51b6f93bebf2b3e26de60405ea8edfcb_32	0	Alternaria alternata
0e29674525b9d563fee6ef411e35bd8e_32	0	
1f86e03751cbaa6645f372b6cecd871f_32	0	
f3d6fb9a36e81bc23acfbb7845d6a694_32	0	Saitoella complicata
421b94b8cfda56c0de38b819d77deddd_32	0	Saitoella complicata
cc64d02d0b2fff8f732cc0c05c6097f9_32	0	Mortierella verticillata
f7fc7a2a4c46e040d1b3d438627b93c0_32	0	Mortierella verticillata
d379ef48e320e8f711af2e40ce092aef_31	0	
641bc766303f60f155701e8a82406b1b_31	0	
43fc6413fbb6ad566b80aed6d5606f13_31	0	Fusarium oxysporum
ad769f8e706b70f52a796d4d052e5215_31	0	Fusarium graminearum
e043ba817750fc26978c2b4a27e6bd1a_31	0	Saitoella complicata
545b46a8c9ff48c4891dd19748998303_31	0	Fusarium graminearum
e5129ffc85cddae265cb0e4ef93587a2_30	0	Naganishia albida
f8d78c8272735f62e84edb9ac7a9dab1_30	0	
2b73b79760cc4b546d91a0792c592943_30	0	Saitoella complicata
38635ea472350f26bacca3e607f999a4_30	0	Saitoella complicata
102a590edb0a67ff90490d55ed204a1b_30	0	Mortierella verticillata
64a24261341b4d668a658915dfc022d3_29	0	Naganishia albida
9a60615871339f2761daacc2d4f4260a_29	0	Naganishia albida
89f73ec27e018f52f52a0273fac7ef0d_29	0	Alternaria alternata
ce83c30212ecb85ad8fc9a0046d3b623_29	0	Alternaria alternata
bd4caa21f2ab854033460f2f0c9aa327_29	0	
7420b97aa6b9a53e52be9aad5f55b2c5_29	0	
e5e45d957190174f48261b02d520599e_29	0	Saitoella complicata
f85a4518eae2efec92af63f4bb70cbc6_29	0	Naganishia albida
fad0fd630a2139c9c368e1f13414202d_29	0	
822e78a0e3c337adbc2500511471ecfb_28	0	Naganishia albida
f3019efe9e234e486d02277d000565ec_28	0	Naganishia albida
22373c05369c5aeddb314e6734631c2e_28	0	Naganishia albida
b806787fadb88555acc4ee29021b6884_28	0	Naganishia albida
69a94c211f0d0769fb73be56e3f1c950_28	0	Naganishia albida
db2b950612791474ed4d3753ca00a1b0_28	0	Alternaria alternata
dbf78770c2eafb63f594a7b5b11d9dae_28	0	Alternaria alternata
d33d389eecfb3d52af56487b7897d1bc_28	0	
b29e55633aea2b001cab4dffa6819735_28	0	
c22b1cbb17eb4ecc5415a84e274d1d34_28	0	
83abcbc4503f26748fc93dbc301a9137_28	0	
69a748097889f5be8038884216614d77_28	0	Fusarium graminearum
3c507949d79200753395dfa2e4c71dfd_28	0	
8fa7db442a76e38a03856c21723f3172_28	0	Saitoella complicata
ced728148aaa397b118686aeea358063_28	0	Saitoella complicata
20c4309043bc6d72197351452ddf87ec_28	0	Mortierella verticillata
7e394e31695cf51dd90c352ccf7dcd2c_28	0	Mortierella verticillata
3e323d80b581fd15619f0c8feb7a7b50_27	0	Saitoella complicata
a49c55762865018b4aa1670f1326f14a_27	0	Naganishia albida
4bbab4c78cfb31f0aa65732bdd0e1118_27	0	Alternaria alternata
964525e900639612985dccd7e7c93051_27	0	Fusarium graminearum
f4de7a2e471aebd3f622531e6a6fbc39_27	0	Fusarium graminearum
d3516a348a0afb006be0de52229a2d58_27	0	Mortierella verticillata
35bbb855d997aa88aaa3ba735c1e1577_26	0	Naganishia albida
af42f6e954623b3310294821429218ca_26	0	Naganishia albida
7efe90e79aeee50afbf1aa8fd79cb716_26	0	Naganishia albida
56517b9f7bc54f1ecfc38707be5d0eae_26	0	Naganishia albida
81ac3e24a057a3d9e1a8df52aaa9600e_26	0	Naganishia albida
304ee5bdb25fe0ee987ec2aa84893c1a_26	0	Naganishia albida
d21aa40327627a1ec18b26f894cf8020_26	0	Alternaria alternata
257e44ed6c8e219c5aca3db7e5230970_26	0	
1bf62ac62733d47d17473773f5ce71ca_26	0	
dbd17cdbfeb3c1a83846e686e973139f_26	0	Fusarium oxysporum
c51bfa12b6678a48e2c9b3b53c998746_26	0	Fusarium graminearum
7514f0a7d6b41eeaed67790fd8b189b8_26	0	Fusarium oxysporum
3cb56163a25d987a54fea1fb802ad76e_26	0	Saitoella complicata
034bcd7e1ab1ff44b88e26f043fb701c_26	0	Mortierella verticillata
cb709b6ed3a8dc7078de9c5dd6e055dc_26	0	Mortierella verticillata
24d732e1f1266d48a835f9aa795c50c0_26	0	Mortierella verticillata
bf18f0ea4bcfcd1fae632c09ef9eea20_26	0	Mortierella verticillata
b85e86c145d97c81f62dd6486e12f134_26	0	Mortierella verticillata
c438d691e7acb42ad4a4e3149d55f104_26	0	
31dca3b6b7d3ededd3dddf23b1421240_25	0	Alternaria alternata
a7e9c6207bc4e8fa292c18e83ff28f99_25	0	
47fda8e4fb67a32f302b44a5c664642c_25	0	
60934e972eaf0ffa95517cec94bb4985_25	0	
dba235e0ced8f7672c843c6eb4659194_25	0	Fusarium oxysporum
cd159963357de22b5897eaaf2d048395_25	0	Fusarium graminearum
524e0c263208200c08fe34ee54044a42_25	0	Saitoella complicata
484d28f510ce9d7aaa67ec2cd2d1bb5c_25	0	Mortierella verticillata
24201c514618ba1c9e0487b8a8919b01_24	0	Naganishia albida
e12897f71c8a504057b579d2b55b525f_24	0	Naganishia albida
7ee506f0bdf4521a8e7c92a138f160ca_24	0	Alternaria alternata
68e28f3dd2f659fd9f51071599aa7303_24	0	Alternaria alternata
6cb1958d7f40d0c11c591991ea683a1e_24	0	Alternaria alternata
5ae6fedc468d17de0621e7606cad32d6_24	0	Alternaria alternata
e8afa3f987186da696e39c1d3f74d63f_24	0	
5fcea8ba418f1d41df1283f485090ad0_24	0	
d88b7b5ffc6d48e241446057c9039d02_24	0	
584201d8987b25c52e06c07f5e38ca87_24	0	
e90388707fbe88536566a044ee13569a_24	0	
48925a7c118b85885c37f212cccb961b_24	0	Fusarium oxysporum
becae5c5c1139231d9ea9dfe25bbe48f_24	0	Fusarium graminearum
45fec2e68c08323abf13b118deacdb45_24	0	
513d29e303a5ed051bbc9d31c1afc376_24	0	Fusarium oxysporum
9c7f7e32ae75a45473338514131ea586_24	0	Saitoella complicata
e08515894660282cbdbd93d6daeb6399_24	0	Saitoella complicata
50cf51e9907006ee8c3fd86e5602b04a_24	0	Saitoella complicata
3a083b35e0f7d427326066ae93c2a5f3_24	0	Mortierella verticillata
162ca3a6e1307d36c78d5112f5665300_24	0	Mortierella verticillata
f71a3132a2cee078b33682de7405a970_23	0	Naganishia albida
781c2814951d02a96becd31dd310bd0a_23	0	Naganishia albida
1716abdf587cfd22dcc217ff8efa15bb_23	0	Naganishia albida
934c049a9b7ac27c4f8f7d3b421cac39_23	0	Naganishia albida
4f60d8920ffe6f7703e000a8782e7c51_23	0	Alternaria alternata
4c4a2a156b9d1bf9d980f063f3732490_23	0	Alternaria alternata
baa66590e7a36323b531f8936dc39428_23	0	Alternaria alternata
eb4d556c202c8b98af8d301c396d43ad_23	0	Alternaria alternata
5608e69346e3a5708cdb286a2ee17a8c_23	0	
c292dd25b4348c90fcbc89960d84aff0_23	0	
ce4d616231b5e538142d80b528103209_23	0	
fb5f1beb629a4764b1b9d238fb0da829_23	0	Fusarium oxysporum
eab8fa2788bc55106c3aed070b2798c3_23	0	Fusarium graminearum
a3615883359bbbbdf321da97c4f47a92_23	0	Fusarium graminearum
96db0f59b8896efa0f38a837525af46f_23	0	
273fb1f429f11af763235f1d08eaf11c_23	0	
39f70d35185d295497921430bb5447ee_23	0	Saitoella complicata
5a6aafbbff5e38692c93e67144667535_23	0	Saitoella complicata
6963395080c39ec010dd30b2bbe50127_23	0	Saitoella complicata
2d1c3fe5c3f98f8cc2daff28f364e9b3_23	0	Saitoella complicata
29749aededf3aa40a8ff33dc996c67f5_23	0	Saitoella complicata
baf14e1752ff39384a4bb0fd92d32342_23	0	Mortierella verticillata
3161406c1bd026656ee3a90060c47ed5_23	0	Mortierella verticillata
e468c20a6607c36a75529c2d6cf254f2_23	0	Mortierella verticillata
548170f6a9e4002deade6ccf3fb0c56b_22	0	Fusarium oxysporum
fe3df6066aac47d0b7a9e49481b13873_22	0	Naganishia albida
e0a7ff43bbbedcc581aabde70dd033d0_22	0	Naganishia albida
85f4ea2042e3defb72a68c062127b5c9_22	0	Alternaria alternata
49ef9933263e42fe51dd5803e6328d70_22	0	Fusarium oxysporum
43c936f2ab783d0defbefd2b0a41f27b_22	0	
8c91591f1ed7c6df6d3db269f2b986a5_22	0	
bccfd3bf55311349cacee931bacaed7d_22	0	
42075acfa520407f8888b83e3f266ad5_22	0	
19f33c69bf9eef86f83ae5bc8d6cd6c3_22	0	
6298258cef437e123375204dd9eae833_22	0	
90f974346166591382fb8992d319672f_22	0	Fusarium graminearum
8b17f66f44ab4f104b7ba13c65a6c91f_22	0	Fusarium graminearum
20bf913f605fe15d2e97c0b3dd601f52_22	0	Saitoella complicata
5179b43b7914dd5497ff30f247d6152f_22	0	Saitoella complicata
343d5bdbe3b68e799b4f10c990262ade_22	0	Mortierella verticillata
e080a87fee9edce42555cc92dd0e4341_22	0	Mortierella verticillata
41d3bb1c2cc4b81c5ec6b54effa9bd6c_22	0	Mortierella verticillata
75ee89c3dee9b2eec7216b7cd8cd455f_21	0	Naganishia albida
269a09e7cce68a48c26a491a38db7e65_21	0	Naganishia albida
763b523baf30b1e99b55be57f0ea41ba_21	0	Naganishia albida
d9a87540279dacc8abc066cc64748dac_21	0	Alternaria alternata
3de27f2f4ba83f4d354786123e60c3cb_21	0	Alternaria alternata
8a8afc2a69a7c8cf39d4c20f17374a3d_21	0	Alternaria alternata
462ef8da448734f79b60411f52702cb0_21	0	Fusarium oxysporum
c75336abd1116ea93d104b1bbde3d1be_21	0	Fusarium graminearum
b63eedd78823d84a882e5ba3f4e125c0_21	0	Fusarium oxysporum
173c7084556c5f81ffc1f1beafe52c62_21	0	Fusarium oxysporum
f759a173be8e7149c07d2f71b39ba416_21	0	Fusarium graminearum
23bf66ef60a2a29647517a1e94cbc8e0_21	0	Fusarium graminearum
9e8c8a5e60d7f7135a3227b03a39399d_21	0	
d2d79f89871a468fded928d285e5eb94_21	0	
a24146c674474e90b26fc5e8adede06a_21	0	Saitoella complicata
deb30aac64582a997fb8f86e481e9e2e_21	0	Saitoella complicata
b0c4d7f72ad06d72d160980e204901c9_21	0	Saitoella complicata
51bebc0e09841d2d932f7f926ffbf2dd_21	0	Mortierella verticillata
f1d773c0750c511fbae6484bff41774c_21	0	Mortierella verticillata
247f9310ff56e92297f7b7f90934f635_21	0	Mortierella verticillata
7d313e433e727dc1603694f0ce68ab67_21	0	Mortierella verticillata
e78bb8da84b523cbfc8fbbd1e6974143_20	0	Naganishia albida
cb726627114ee0a57e691975da9a7da3_20	0	Naganishia albida
19315c093ad6ca114ef18e8127928d45_20	0	Naganishia albida
d8b7234306259c6a2a32b46f8fb6c8f9_20	0	Naganishia albida
0f300e58b18a3b2e441f83c87118ffbc_20	0	Alternaria alternata
7bc860aa12157070b14bdd3dc72457df_20	0	Aspergillus flavus
36edfa7e54385276d4941e25687098e6_20	0	
06afe22e74236b5837e0468e0b358af9_20	0	
565d61f1de0bc839e283461b4cf26ff2_20	0	
cdef33322e3740b2e448edea3e4f42a7_20	0	Fusarium oxysporum
e0edaeb3e6168f438e0b8d99585b8623_20	0	Fusarium graminearum
20e78bb916f381020ed958760fe693dd_20	0	Fusarium graminearum
5f90b7b19032dd27a05bf3d5fbab7b3a_20	0	Fusarium graminearum
d96015caa83e5feeffeb28a6aa14dfc1_20	0	Fusarium graminearum
ca30acf52c5e309c19916b53f9a6d1fb_20	0	Saitoella complicata
d5c4cbf17482da4afdf426d0b0cb0836_20	0	Saitoella complicata
ab615ecd428307d6c9a64ab77d9817e5_20	0	Saitoella complicata
16d4e7623a6b48b0adc9db919f45b62f_20	0	Mortierella verticillata
4c419a1efc7e74c32f64e7e44a33360c_20	0	Mortierella verticillata
acd15f2d4aad11283100f18c2e984140_20	0	Fusarium oxysporum
577d851070a3de15adc5cf479e89c764_19	0	Fusarium oxysporum
152a644a30d33b67914ce59cc6cdc497_17	0	
47af2189d59fbf37e664c615076404b5_17	0	Fusarium oxysporum
f294e213256ddc250ccaacd88612b463_17	0	Saitoella complicata
4a8bda27dfec9a33b5945b9ae04d3307_17	0	Saitoella complicata
fa4af9f743705f0d33f475893dbab8b4_16	0	Alternaria alternata
97b0838b9cfc2975dbb47984fd7d2a15_16	0	Naganishia albida
feb2e088c22c1f68938723837d58c582_16	0	Naganishia albida
3f528b1375189b01803e04fa91fb9008_16	0	
24ad83703608af28b87305c47f5a6d94_16	0	
1581361b16271eee4a89c394d15f6b0f_16	0	Mortierella verticillata
43eebefe0c0b4a2f520618f2a44bd36e_15	0	Alternaria alternata
87712ed76b4e79bcdccf88f20d655d00_15	0	
2e290e31739d6b7dd4e6b48b56d8701f_15	0	Fusarium oxysporum
6adfe451b979edcc7f1ebe9f544fb422_15	0	Fusarium graminearum
a3a3e4ff96fcbac4f29b937ea954e550_15	0	Saitoella complicata
58bc35c1e636ec17fc8f0dc258adadc5_15	0	Saitoella complicata
d9b6901f85f99d7ddbc5718dc26c7d08_15	0	Mortierella verticillata
990a5b9157084bc5d8c945bb11ce4efa_15	0	Mortierella verticillata
703314b80cc7dbaab9d15fa699246728_15	0	Mortierella verticillata
00e36b6a8861d4eb3ed9d68063f6afcf_14	0	Naganishia albida
f661bcaa9331bb90a54e5de56cb7940a_14	0	
323362a44fd750205712838c52817f70_14	0	Fusarium oxysporum
b89cbac4707d13ab9cbe7b013c817c6c_14	0	Saitoella complicata
55971f73c96d7cbb54b363f3e6b5dcb1_14	0	Saitoella complicata
35ddf423eda9f5eaef764a210f1d5c28_14	0	Saitoella complicata
a808967a9ed344022ff153b8fdd69a6a_14	0	Saitoella complicata
bba3a4ec4561f995217e8966fbf47538_14	0	Mortierella verticillata
cf26182c868db86f15b2defb1be1dea2_13	0	Naganishia albida
d247cdefde16f362a3432e81de629370_13	0	Naganishia albida
f757f5a966004b3ea52d0a9006980c8b_13	0	Naganishia albida
2cf4958c999e99e7d4f873274d1a13e6_13	0	Alternaria alternata
0ebfcafe0db583e6af3868af8222b1c5_13	0	Alternaria alternata
cc3a9acac031a1b29047e09d029d6603_13	0	Alternaria alternata
26763827d02ce6d98e3c2f8f59ec6a75_13	0	Penicillium expansum
bc39a0b5e4b1ed46e84d70ab07c5cd0d_13	0	
2ea1c71f505c9e1d9d6b654ab4a81775_13	0	Fusarium graminearum
dc1faddcf8c8cb27d56cb4f0c8eecdec_13	0	Fusarium oxysporum
d1d35bb83e88c38234c56eded1e69e7b_13	0	
92da29451b672c242d59591f09a1a6d0_13	0	
d7cea6dc27f3899b3b6423a793a825d9_13	0	
d80d15f956e7b71442921da371e8c6f5_13	0	
e3e3e6cc94847a3f85ff2e3541dc3c32_13	0	
4de43d2425d98f7930117851448afcc1_13	0	Fusarium oxysporum
b6e0ae06858cdbaee59632068992e294_13	0	Fusarium graminearum
305b6488d83814a39e89bba843ac0801_13	0	Fusarium oxysporum
afe528f5f710134ae84ee87e0a75b3c4_13	0	Fusarium graminearum
9192b3cd364d6fade0f74fde440a388c_13	0	
ed89dc51927d61d46c4930746ec6d877_13	0	Saitoella complicata
407c9de8a9d21ca31e31fc9fa0642983_13	0	Saitoella complicata
602a7153590d279734e2b719e905adc9_13	0	Saitoella complicata
b53ac6f4cf2a15863e2100ad24edd929_13	0	Mortierella verticillata
e85315c6b327c7d9006bdf5d22af0a14_13	0	Mortierella verticillata
d65052bc55903d655b974b22abe1f3bb_13	0	Mortierella verticillata
7469d74c0753d47513f8f2e9305d7b3c_12	0	Naganishia albida
b4428851a8ff979b611fd23fa4ee0153_12	0	Naganishia albida
e1723f72df05970e6e651f0889bd9924_12	0	Naganishia albida
d828f18db8af2bb05846b7462b955c6d_12	0	Naganishia albida
91f60676ad5d7b316116794992380659_12	0	Naganishia albida
61f49b47d42730ff9ecb7da8fb4b3a52_12	0	Naganishia albida
511695bf5d71876bb0c3ca2b780fc5f5_12	0	Naganishia albida
2a781cf6e026ffc14f15da266c5a0715_12	0	Naganishia albida
df2fcc381c696cce4bb21702a132acd0_12	0	Naganishia albida
ce2ec4743dc5422120729cc95caef49f_12	0	Alternaria alternata
8453b314eca1d2ec360cf2e4033d8154_12	0	Alternaria alternata
824482b83296f39a7fee0a5e4d8f92f7_12	0	
0b0b5ea610e49697434b5b1c3edab38d_12	0	Aspergillus flavus
7a80918f4b531fe60dba1507c815b418_12	0	Claviceps purpurea
d8e2fa8ed07c6b0789894f59e19eed2e_12	0	
6e701bea8101701d9627c2a4ac0e48bd_12	0	
007491ec1e18b96030a72d47bcfd0fee_12	0	
0c60e634f16501ed99cb307b5774ed02_12	0	
f538ae2510a089c82463b7eb460306d7_12	0	
fd3d470a125b1b4cc79d699be1bb8d7c_12	0	
1a9851aa1f71c9069f48db3b9aafbbdf_12	0	
ee1f4cbc2771e65243b152c9cecadefa_12	0	Fusarium oxysporum
6102770d60fd2ca5a917b2ccb73886df_12	0	Fusarium graminearum
3dc2ed8d0e119f1a6f23f4c0e0044016_12	0	Saitoella complicata
ea01641c8fb08e765cdbfc3a2bbad8ab_12	0	Saitoella complicata
c16e36bf75639b59b24481b2fa2f36d5_12	0	Saitoella complicata
f08efaf10bb4852612b96f255024c587_12	0	Saitoella complicata
7a111e870248133f5792b9c3f72e433a_12	0	Saitoella complicata
e3e31423ebf093e104db793667c93191_12	0	Saitoella complicata
8183d691e4bc2cf84971eaf081f3a58f_12	0	Rhizoctonia solani
3088abfd41d79626e3878885129c0ef3_12	0	Saitoella complicata
579db60675803d97ad16add9d18c8ce1_12	0	Mortierella verticillata
60d8c4bd6fb85aa3df5929ec637c37fd_12	0	Mortierella verticillata
ffaedecdd00328f369f2efa4b3341cba_12	0	Mortierella verticillata
43ac15eb4c3a110d86896a83c303b80a_12	0	Mortierella verticillata
2e2133532291f4b079190c2787f5cbd5_12	0	Mortierella verticillata
7e4920806ee22512f543fbcce9e812e9_11	0	
7bae989a70c240dbf138ae107f42ebe9_11	0	Fusarium oxysporum
56278cf5807872dd799ae5c687395d57_11	0	Naganishia albida
96048d5fb4236b96fe5b99467843c5a4_11	0	Naganishia albida
183e8c65e6eb7ec93c136252bc769aa3_11	0	Naganishia albida
cce2eb56d48d6a16bd214e55c6be5b52_11	0	Naganishia albida
50dbd0658b612d84b44485e9b1e17ada_11	0	Naganishia albida
bea07b3fe2c11943a471e0a4bf55183a_11	0	Naganishia albida
9287e49ea8b2f72e521a705fd679907d_11	0	Naganishia albida
e5ea5522f5f1f740b9d00a8a561de027_11	0	Naganishia albida
9dd447bb5cd471b9944809939533a325_11	0	Naganishia albida
e4cecf7027b6e09340f32941f6526b79_11	0	Alternaria alternata
14b46a78c00908096c9ababb7eb5fa05_11	0	Alternaria alternata
730902a522ac82ef20e3cff033ce4419_11	0	Alternaria alternata
432d35291b2da07e72f1e1ebdb27477b_11	0	Alternaria alternata
4a4ca45e65d2332156704ea77aa5d1e7_11	0	Penicillium expansum
da0ca7809732e85d28abe2f78d41b02a_11	0	Aspergillus flavus
7937324d110fef8972e700526708ede0_11	0	
eeac8d0359b6a114656d7a8c1c0e4bd0_11	0	Fusarium oxysporum
053d0833e5c6c8fcd8426d9e921ea47f_11	0	
98c3e87a772030e9a0419652e556069d_11	0	
0fe84c9f956fe554f607e39673144e1a_11	0	
9dbdc6271ac4e9ed795a96546d4778e1_11	0	
0295aa241a36dc0817020c381ddc29e3_11	0	
6fe29f6892135cf69ac287ad68fc6d1a_11	0	
3cf8f88c2243e5b56e7561d7f3729779_11	0	Fusarium oxysporum
9c1d689e8c8cc1cf0e1ffcc68c24c444_11	0	Fusarium oxysporum
cc658d08966e5f954ecc2977b49a8db9_11	0	Fusarium graminearum
adb14195d51fda7e2f8094c2c65342c0_11	0	Fusarium graminearum
5d342f0018a888e0dbffbc096e5efe3c_11	0	
b2266f85b32a1c8ab9a30f75aef932b9_11	0	
b17ef829695ded90da4fd40e105d44f8_11	0	Fusarium oxysporum
e8b4f1c78fded78448e68680ac342360_11	0	Saitoella complicata
e509167b2ce646486c8185ef2e84f43b_11	0	Saitoella complicata
298292d1858dc79509629382ce6bf754_11	0	Saitoella complicata
32d26c632564049fb23f3797684091c5_11	0	Saitoella complicata
6e6a05f5c33acab174d7d384a72e4c21_11	0	Saitoella complicata
5929be286e26183e0bb5a21d8bf869e4_11	0	Saitoella complicata
16c49ad14e27ccf61266949117e136fa_11	0	Saitoella complicata
6a8776a5381900cda309570ce2981ec6_11	0	Saitoella complicata
21b7b17e0f38f365f427dd3ab0436d65_11	0	Saitoella complicata
6aab698c375b11b30e63c1ba8fa7c542_11	0	Saitoella complicata
ce1db1051dcb0e2ffc4dc260a13f7c95_11	0	Rhizoctonia solani
f087ff0a0ddd33d5f9f1f16d843afbba_11	0	Saitoella complicata
f331d892bd26804daa41145b61a9c36a_11	0	Mortierella verticillata
a95cef8dd2db6b3bb986d399ea690322_11	0	Mortierella verticillata
baafeb09ee51254ced4dbd998de36b0f_11	0	Mortierella verticillata
4b00df5aaf16232caac32aea4281e3b4_11	0	Mortierella verticillata
53d2b4d6fc80808e2148320416cc97c5_11	0	Mortierella verticillata
6f886149ea261030167688adc95914c1_11	0	Mortierella verticillata
6d46749ff5d0fbd4285b1740bdcb0061_10	0	Naganishia albida
ac7278c358b7385335db2239a5f9e5ab_10	0	Saccharomyces cerevisiae
300ca4849b44e78fbdec97653837f03b_10	0	Naganishia albida
f54644aa3288c10336849f16b1598954_10	0	Naganishia albida
135dfd2654784c1b7397330c2dba5853_10	0	Naganishia albida
e57ce0a4adfb1195bcce24b0a26f0f40_10	0	Naganishia albida
995814d438d75f5751c0d6156f8957fb_10	0	Naganishia albida
861914dedbb2fe7240f1d73019732106_10	0	Naganishia albida
813eec3d11664ca4bc4d3a6fc99aa066_10	0	Naganishia albida
6c2e1a147e51089aac25c3e5ec3aeb46_10	0	Naganishia albida
7fa1d7dda3982b3e376bc45837b5441e_10	0	Alternaria alternata
f6be150cec80ed19f865cfe40edea31f_10	0	Alternaria alternata
502298cdc740e87ceb6e7d6c39cc5694_10	0	Alternaria alternata
382670a9566f3d6bf19e531a84967973_10	0	Alternaria alternata
32e97c310d19c2ff4b79e8f025d4996a_10	0	Alternaria alternata
ce97005b7b0b4d3bdde8c5863eb37d6d_10	0	Alternaria alternata
1cb65581e477e02322db9e08834d9b6a_10	0	Alternaria alternata
82aee51a7db88410f3c21befdca3d966_10	0	Alternaria alternata
4603489afe4fee92fa32c4cf854c39a0_10	0	Alternaria alternata
104811e7366f3d46820d30a3e7018577_10	0	Alternaria alternata
a9d39d6c230bf909d39dcf0c098ab2eb_10	0	Alternaria alternata
ac92ef5f3c5b9b1ac0d767440d6fcbab_10	0	Alternaria alternata
154b4119b91e65e9ea7dfcc764502341_10	0	Alternaria alternata
d50b423fe706dcf8f4f00c99ae07bb83_10	0	Alternaria alternata
9118fade81f0cd9ed1ffb4fd31c12d26_10	0	Alternaria alternata
34ff44cfc7bc43598968f97b39e88427_10	0	Alternaria alternata
60dc46dca2824cb6b1526627d5bf031d_10	0	Alternaria alternata
265d85777b040aab1182d2cb3edec965_10	0	Alternaria alternata
a735972c8a9baaedbccfd3ae907dab4b_10	0	Alternaria alternata
31ef6c17a3816061f4a4f3cdaf90d239_10	0	
6c8fbcdc71e3c68c2698545c4f4c9f14_10	0	Penicillium expansum
59d9b4a348e97a7ec3a4e18577f89b7d_10	0	Penicillium expansum
efef3eded9c37771f9cf54b784e3e250_10	0	Penicillium expansum
425b52be4e052d768db23975c00e3023_10	0	Aspergillus flavus
bfbf134118b58cf1806f3c5c92f221b5_10	0	Aspergillus flavus
4872fb34075d11cba6a98fb506498d51_10	0	Aspergillus flavus
9a96cd5f9d95ec6b14610b2032ae0d3c_10	0	Aspergillus flavus
d9007b301a7f97938111553d36f7a4cc_10	0	Claviceps purpurea
72b7e7f32f4549baa67bfc3c3c390c19_10	0	Claviceps purpurea
1181d68ef9b94931530fedccd693f1bb_10	0	
fc552a27b30d1d42c273c88b3bbae96a_10	0	
bd69bba36504e164f14c600f256d8032_10	0	
7168a1a57957211cc6b8220081cc8e7d_10	0	
6a2210c83d1aac8ebc0b4b3143c790ba_10	0	
9daf6c609c4de02c219dd59fd02a41d3_10	0	
429dd01f144603b8b4484f87a1865796_10	0	
2b9a8e399bc1ae69483456fc7aa03e2c_10	0	
33ef28163533be676cd1bca782e06447_10	0	Fusarium oxysporum
11506018caf7c988c6dc81c24cf0dba4_10	0	Fusarium oxysporum
5733b8cb9a6043483e4b2250a1a751b8_10	0	Fusarium oxysporum
5bdf7a5f62e0f667b63506152f8b8d1f_10	0	Fusarium oxysporum
e81e0ec2efcf44cd8f4f8ef0a6149766_10	0	Fusarium graminearum
4e98b33694e3604f5a3f5c9c052a0b87_10	0	Fusarium graminearum
207d2b0fdd7001eee164877a24c0b83d_10	0	
2ec173a6619885763b72e95bf0ee90a8_10	0	Fusarium graminearum
1584c4541a7e102dac66b8a50e6b38ac_10	0	Fusarium graminearum
7991f6ef31c81d096d19770041849d9b_10	0	
018338d52410b6ee7e782f6f66ee5e53_10	0	
787f5c7a3097f55c9d2e053ebb9faac7_10	0	Naganishia albida
74456b2b64a2238f53c178d5b2fd33b5_10	0	Saitoella complicata
b8e68eeb536d2332252facf8c3b99780_10	0	Saitoella complicata
dd5c7f4923f4398abce5d4388366e1e4_10	0	Saitoella complicata
e2ccb55bcb83d11f6eaf81c470f51d59_10	0	Saitoella complicata
80ed009f47683fb04b0a75d8f495bbd6_10	0	Saitoella complicata
935be447d30216bd5017ceda5bed2cd9_10	0	Saitoella complicata
fadef6c2e9544ca02d5eb1b59d578a94_10	0	Saitoella complicata
2e02d1e66f0e8a53750f66529809f8d2_10	0	Saitoella complicata
69fd912cfbe5a879c1466af700e48bdd_10	0	Saitoella complicata
ca0da375117a7d2303aec1c03dd91287_10	0	Saitoella complicata
2252ba639e93cc7c25c0e21eea474729_10	0	Saitoella complicata
e47f7e95113206e85b0be5a49a2f8370_10	0	Saitoella complicata
58c0b725c46a587fad5ba7533096dd29_10	0	Saitoella complicata
63085829453fbc0eda4b5f0dce2d4bf1_10	0	Saitoella complicata
9c7553b24f61c3eec3ab651ec126b7b7_10	0	Saitoella complicata
d8b2f63ceacc1aaa28a343d26ae4436d_10	0	Saitoella complicata
fb015bfad27064f994e1328a12fe7578_10	0	Saitoella complicata
76b27d979cfa8e558efa4500337092ae_10	0	Saitoella complicata
1ca0682e79dbecc803a98e0ab9d1c856_10	0	Saitoella complicata
374c70afcf39c8e058849333e8db3196_10	0	Saitoella complicata
e5d17b120f26799123d0d8f80eaec968_10	0	Saitoella complicata
980468a34dfe2116575806cdf7765d23_10	0	Saitoella complicata
03c5a3c6de9e91f55c8a70f324ea491f_10	0	Saitoella complicata
f76f1ea3c5412063c70dc7e5c22d05d2_10	0	Saitoella complicata
48a0d9207fa0cca1275655ba2baea9a4_10	0	Saitoella complicata
a444949c53b436c5a8d79870a289a37f_10	0	Saitoella complicata
a9a7fb0793321fdeea802e78036fc2be_10	0	Rhizoctonia solani
a8bd6cea817229ae2fb72f7107ca215a_10	0	Rhizoctonia solani
a3985c92e015135627162e047a98acd7_10	0	Rhizoctonia solani
87ae07283789e7317687dd1607a714c4_10	0	Rhizoctonia solani
2fa0102b25dffb74d9f76e453bd6925e_10	0	Rhizoctonia solani
4f088806992b9b8163ff78f37db6ab0c_10	0	
b76e66c5f2d9b58b400035bf94ac94e5_10	0	Mortierella verticillata
ead046690df37f26760bedc20c19a405_10	0	Mortierella verticillata
bef805f551278ad136c0e81dbec87921_10	0	Mortierella verticillata
91df18bf13777fb4ead35f3197dad956_10	0	Mortierella verticillata
3d575c1bacb8b3ed441134642e468d2d_10	0	Mortierella verticillata
5433dcbeb1cfa1fb69895c45a9794e49_10	0	Mortierella verticillata
bcdb0d60e6d95d31e7eea117528cbd11_10	0	Mortierella verticillata
b7fca7410a70580b7fccf5337fa6a4a2_10	0	Mortierella verticillata
3c4027a253f12a7d32653c51bce10fc8_10	0	Mortierella verticillata
dfa3d3b9d21a6151feb18405de2772d8_10	0	Mortierella verticillata
d920313e4f36d3d9249ce75aaae9b804_10	0	Mortierella verticillata
