run_accession	library_name	run_alias	fastq_md5	fastq_ftp	sample_alias	sample_title
SRR13419826	US2-4	DUN-14_S66_L001_R1_001.fastq.gz	09fe348a9e3cc31f433ae95090af4bd5;48372085cf8ce4c4937052e2da7b0b73	ftp.sra.ebi.ac.uk/vol1/fastq/SRR134/026/SRR13419826/SRR13419826_1.fastq.gz;ftp.sra.ebi.ac.uk/vol1/fastq/SRR134/026/SRR13419826/SRR13419826_2.fastq.gz	COI-US2-4	PCR of COI
SRR13419827	US2-3	DUN-13_S54_L001_R1_001.fastq.gz	0e588e95007f783ec0f84293c42a4df1;1aa8871ab79cf790f44133b938488b42	ftp.sra.ebi.ac.uk/vol1/fastq/SRR134/027/SRR13419827/SRR13419827_1.fastq.gz;ftp.sra.ebi.ac.uk/vol1/fastq/SRR134/027/SRR13419827/SRR13419827_2.fastq.gz	COI-US2-3	PCR of COI
SRR13419828	US2-2	DUN-12_S42_L001_R1_001.fastq.gz	97383689410c7c294b8e01cfae32744b;167d143be3628a0f62d7cc3b7e327837	ftp.sra.ebi.ac.uk/vol1/fastq/SRR134/028/SRR13419828/SRR13419828_1.fastq.gz;ftp.sra.ebi.ac.uk/vol1/fastq/SRR134/028/SRR13419828/SRR13419828_2.fastq.gz	COI-US2-2	PCR of COI
SRR13419829	US2-1	DUN-11_S30_L001_R1_001.fastq.gz	f2775fa92549c08fa25a2817a958f6d5;bc004c8263f567d704b8f55037dae161	ftp.sra.ebi.ac.uk/vol1/fastq/SRR134/029/SRR13419829/SRR13419829_1.fastq.gz;ftp.sra.ebi.ac.uk/vol1/fastq/SRR134/029/SRR13419829/SRR13419829_2.fastq.gz	COI-US2-1	PCR of COI
SRR13419830	US1-9	DAL-9_S10_L001_R1_001.fastq.gz	e98ca447f4ccc7c119828c959f60c3e7;8540fc05cc39f6f52a2d4403637ab2d2	ftp.sra.ebi.ac.uk/vol1/fastq/SRR134/030/SRR13419830/SRR13419830_1.fastq.gz;ftp.sra.ebi.ac.uk/vol1/fastq/SRR134/030/SRR13419830/SRR13419830_2.fastq.gz	COI-US1-9	PCR of COI
SRR13419831	US1-8	DAL-8_S93_L001_R1_001.fastq.gz	50b3d0211a481acbee5a6373fcf58479;8e73f72c7b8d30d7f160252eeb62def6	ftp.sra.ebi.ac.uk/vol1/fastq/SRR134/031/SRR13419831/SRR13419831_1.fastq.gz;ftp.sra.ebi.ac.uk/vol1/fastq/SRR134/031/SRR13419831/SRR13419831_2.fastq.gz	COI-US1-8	PCR of COI
SRR13419832	US1-7	DAL-7_S81_L001_R1_001.fastq.gz	407f4cbbb77fb356ed92f28047470b8f;9738c31260fd991a7a5b485e696af775	ftp.sra.ebi.ac.uk/vol1/fastq/SRR134/032/SRR13419832/SRR13419832_1.fastq.gz;ftp.sra.ebi.ac.uk/vol1/fastq/SRR134/032/SRR13419832/SRR13419832_2.fastq.gz	COI-US1-7	PCR of COI
SRR13419833	US1-6	DAL-6_S69_L001_R1_001.fastq.gz	129e1578e141d30ee7417f6722ddba96;5ef42b12765386224c46e869fed90600	ftp.sra.ebi.ac.uk/vol1/fastq/SRR134/033/SRR13419833/SRR13419833_1.fastq.gz;ftp.sra.ebi.ac.uk/vol1/fastq/SRR134/033/SRR13419833/SRR13419833_2.fastq.gz	COI-US1-6	PCR of COI
SRR13419834	US1-5	DAL-5_S57_L001_R1_001.fastq.gz	9107c73229802be998a9134a58ed6b99;64ec5d789a66140b2339020a6f71e0eb	ftp.sra.ebi.ac.uk/vol1/fastq/SRR134/034/SRR13419834/SRR13419834_1.fastq.gz;ftp.sra.ebi.ac.uk/vol1/fastq/SRR134/034/SRR13419834/SRR13419834_2.fastq.gz	COI-US1-5	PCR of COI
SRR13419835	US1-4	DAL-4_S45_L001_R1_001.fastq.gz	9e4cfaf939653168886000a5df4ba497;bf306b91347a1b18a58c31d79a0be19a	ftp.sra.ebi.ac.uk/vol1/fastq/SRR134/035/SRR13419835/SRR13419835_1.fastq.gz;ftp.sra.ebi.ac.uk/vol1/fastq/SRR134/035/SRR13419835/SRR13419835_2.fastq.gz	COI-US1-4	PCR of COI
SRR13419836	DS1-6	B-6_S64_L001_R1_001.fastq.gz	22ee0459f2f7a12dc08ff09523def041;4b135481b0de126277a3e0743f7b03f3	ftp.sra.ebi.ac.uk/vol1/fastq/SRR134/036/SRR13419836/SRR13419836_1.fastq.gz;ftp.sra.ebi.ac.uk/vol1/fastq/SRR134/036/SRR13419836/SRR13419836_2.fastq.gz	COI-DS1-6	PCR of COI
SRR13419837	US1-3	DAL-3_S33_L001_R1_001.fastq.gz	99cc9bb68cfc215529d5adc61deedb0d;4c976a4a8d4ae5b16dfb318ee406942c	ftp.sra.ebi.ac.uk/vol1/fastq/SRR134/037/SRR13419837/SRR13419837_1.fastq.gz;ftp.sra.ebi.ac.uk/vol1/fastq/SRR134/037/SRR13419837/SRR13419837_2.fastq.gz	COI-US1-3	PCR of COI
SRR13419838	US1-11	DAL-21_S59_L001_R1_001.fastq.gz	2056b5391c248c3415ac923a60a55631;d87a154b0405959e0b277c98f4a9d9c8	ftp.sra.ebi.ac.uk/vol1/fastq/SRR134/038/SRR13419838/SRR13419838_1.fastq.gz;ftp.sra.ebi.ac.uk/vol1/fastq/SRR134/038/SRR13419838/SRR13419838_2.fastq.gz	COI-US1-11	PCR of COI
SRR13419839	US1-2	DAL-2_S21_L001_R1_001.fastq.gz	a142011920bf92643da063435182565e;99ce5d2586b0ecff29f1463d97daf2e0	ftp.sra.ebi.ac.uk/vol1/fastq/SRR134/039/SRR13419839/SRR13419839_1.fastq.gz;ftp.sra.ebi.ac.uk/vol1/fastq/SRR134/039/SRR13419839/SRR13419839_2.fastq.gz	COI-US1-2	PCR of COI
SRR13419840	US1-10	DAL-10_S22_L001_R1_001.fastq.gz	9a82877d83dbcadb1fd12af084c53480;b5bc9e594dbc3c7e02f68c4236629bd5	ftp.sra.ebi.ac.uk/vol1/fastq/SRR134/040/SRR13419840/SRR13419840_1.fastq.gz;ftp.sra.ebi.ac.uk/vol1/fastq/SRR134/040/SRR13419840/SRR13419840_2.fastq.gz	COI-US1-10	PCR of COI
SRR13419841	US1-1	DAL-1_S9_L001_R1_001.fastq.gz	c1355fc597848a81b0b3b2e7076f5b95;c1b202991e4849ec4f4980553ff8b0dc	ftp.sra.ebi.ac.uk/vol1/fastq/SRR134/041/SRR13419841/SRR13419841_1.fastq.gz;ftp.sra.ebi.ac.uk/vol1/fastq/SRR134/041/SRR13419841/SRR13419841_2.fastq.gz	COI-US1-1	PCR of COI
SRR13419842	Negative-2	VACIO_S71_L001_R1_001.fastq.gz	bd48ed194101ded424b10edbecbbc536;5b92c31a2b6f5b4952c191d7a2f4260b	ftp.sra.ebi.ac.uk/vol1/fastq/SRR134/042/SRR13419842/SRR13419842_1.fastq.gz;ftp.sra.ebi.ac.uk/vol1/fastq/SRR134/042/SRR13419842/SRR13419842_2.fastq.gz	COI-Negative-2	PCR of COI
SRR13419843	Negative-1	negativo_S96_L001_R1_001.fastq.gz	1b3e93cfa5670d5d34c76c9dbc181fc0;07229a96f7e9369793094f7472de7b65	ftp.sra.ebi.ac.uk/vol1/fastq/SRR134/043/SRR13419843/SRR13419843_1.fastq.gz;ftp.sra.ebi.ac.uk/vol1/fastq/SRR134/043/SRR13419843/SRR13419843_2.fastq.gz	COI-Negative-1	PCR of COI
SRR13419844	DS9-9	W-9_S3_L001_R1_001.fastq.gz	b5515fc462ecde140212884f8535b6d1;9a7549b0b4f18d3668dbc8c7503b3695	ftp.sra.ebi.ac.uk/vol1/fastq/SRR134/044/SRR13419844/SRR13419844_1.fastq.gz;ftp.sra.ebi.ac.uk/vol1/fastq/SRR134/044/SRR13419844/SRR13419844_2.fastq.gz	COI-DS9-9	PCR of COI
SRR13419845	DS9-8	W-8_S86_L001_R1_001.fastq.gz	458132d06f43600e0fbafb692590f01e;2dad935f6522fd39fc9f9dbf44a84bbd	ftp.sra.ebi.ac.uk/vol1/fastq/SRR134/045/SRR13419845/SRR13419845_1.fastq.gz;ftp.sra.ebi.ac.uk/vol1/fastq/SRR134/045/SRR13419845/SRR13419845_2.fastq.gz	COI-DS9-8	PCR of COI
SRR13419846	DS9-7	W-7_S74_L001_R1_001.fastq.gz	9f0d74cd75ae006788e2611c2e14ef1e;b73dafceedf5a95b6177c2fd083c15ee	ftp.sra.ebi.ac.uk/vol1/fastq/SRR134/046/SRR13419846/SRR13419846_1.fastq.gz;ftp.sra.ebi.ac.uk/vol1/fastq/SRR134/046/SRR13419846/SRR13419846_2.fastq.gz	COI-DS9-7	PCR of COI
SRR13419847	DS1-5	B-5_S52_L001_R1_001.fastq.gz	bba36d322960aa5611f3dbeed0a5745f;de3904c7ac7aac7de892276e9d889711	ftp.sra.ebi.ac.uk/vol1/fastq/SRR134/047/SRR13419847/SRR13419847_1.fastq.gz;ftp.sra.ebi.ac.uk/vol1/fastq/SRR134/047/SRR13419847/SRR13419847_2.fastq.gz	COI-DS1-5	PCR of COI
SRR13419848	DS9-6	W-6_S62_L001_R1_001.fastq.gz	b06e796998d4d67bf337197d94dc3988;dc746fb231e0592d63280355ab594667	ftp.sra.ebi.ac.uk/vol1/fastq/SRR134/048/SRR13419848/SRR13419848_1.fastq.gz;ftp.sra.ebi.ac.uk/vol1/fastq/SRR134/048/SRR13419848/SRR13419848_2.fastq.gz	COI-DS9-6	PCR of COI
SRR13419849	DS9-5	W-5_S50_L001_R1_001.fastq.gz	59fba15cec8bcaec1d09c50d06e587fc;07ffb5d7375e7cf3a35939d602876e9d	ftp.sra.ebi.ac.uk/vol1/fastq/SRR134/049/SRR13419849/SRR13419849_1.fastq.gz;ftp.sra.ebi.ac.uk/vol1/fastq/SRR134/049/SRR13419849/SRR13419849_2.fastq.gz	COI-DS9-5	PCR of COI
SRR13419850	DS9-4	W-4_S38_L001_R1_001.fastq.gz	021cdb1b1289b1c29ded61a890ab580f;bd58c5c7f121c00679b218354151c6a0	ftp.sra.ebi.ac.uk/vol1/fastq/SRR134/050/SRR13419850/SRR13419850_1.fastq.gz;ftp.sra.ebi.ac.uk/vol1/fastq/SRR134/050/SRR13419850/SRR13419850_2.fastq.gz	COI-DS9-4	PCR of COI
SRR13419851	DS9-3	W-3_S26_L001_R1_001.fastq.gz	1a3290df4a736189f9b188b4cf6de453;258ee982994afe1eb1ef5c25928a3bfb	ftp.sra.ebi.ac.uk/vol1/fastq/SRR134/051/SRR13419851/SRR13419851_1.fastq.gz;ftp.sra.ebi.ac.uk/vol1/fastq/SRR134/051/SRR13419851/SRR13419851_2.fastq.gz	COI-DS9-3	PCR of COI
SRR13419852	DS9-2	W-2_S14_L001_R1_001.fastq.gz	835fad416b4c53c2ba56a92ad1109fef;ab14fd95576aa00d384c8a51af210ebc	ftp.sra.ebi.ac.uk/vol1/fastq/SRR134/052/SRR13419852/SRR13419852_1.fastq.gz;ftp.sra.ebi.ac.uk/vol1/fastq/SRR134/052/SRR13419852/SRR13419852_2.fastq.gz	COI-DS9-2	PCR of COI
SRR13419853	DS9-11	W-11_S27_L001_R1_001.fastq.gz	9bbad60a4993eafbf8bdaa9a79a24e3d;0499281f756398ce8b3450b2333e977b	ftp.sra.ebi.ac.uk/vol1/fastq/SRR134/053/SRR13419853/SRR13419853_1.fastq.gz;ftp.sra.ebi.ac.uk/vol1/fastq/SRR134/053/SRR13419853/SRR13419853_2.fastq.gz	COI-DS9-11	PCR of COI
SRR13419854	DS9-10	W-10_S15_L001_R1_001.fastq.gz	9c1343b7fe17664b581e6b2b8183baf8;5eb9a49077b40a7341eaaa9660ca624c	ftp.sra.ebi.ac.uk/vol1/fastq/SRR134/054/SRR13419854/SRR13419854_1.fastq.gz;ftp.sra.ebi.ac.uk/vol1/fastq/SRR134/054/SRR13419854/SRR13419854_2.fastq.gz	COI-DS9-10	PCR of COI
SRR13419855	DS9-1	W-1_S2_L001_R1_001.fastq.gz	fc758a52a1c83cfae93c92683f531355;8c6e306093adc21f91023ed7eda50505	ftp.sra.ebi.ac.uk/vol1/fastq/SRR134/055/SRR13419855/SRR13419855_1.fastq.gz;ftp.sra.ebi.ac.uk/vol1/fastq/SRR134/055/SRR13419855/SRR13419855_2.fastq.gz	COI-DS9-1	PCR of COI
SRR13419856	DS8-5	ROS-5_S74_L001_R1_001.fastq.gz	c2e49ce546fc790a75a6d7002150d4c9;0fb2f8f813cfeff4a898a16e61abfea5	ftp.sra.ebi.ac.uk/vol1/fastq/SRR134/056/SRR13419856/SRR13419856_1.fastq.gz;ftp.sra.ebi.ac.uk/vol1/fastq/SRR134/056/SRR13419856/SRR13419856_2.fastq.gz	COI-DS8-5	PCR of COI
SRR13419857	DS8-4	ROS-4_S62_L001_R1_001.fastq.gz	c03ba88030ec5a6d4ca7fe59beb4ee12;eb16de20d0148ed8363b5d4e42401cf2	ftp.sra.ebi.ac.uk/vol1/fastq/SRR134/057/SRR13419857/SRR13419857_1.fastq.gz;ftp.sra.ebi.ac.uk/vol1/fastq/SRR134/057/SRR13419857/SRR13419857_2.fastq.gz	COI-DS8-4	PCR of COI
SRR13419858	DS1-4	B-4_S40_L001_R1_001.fastq.gz	58553a1d757571fa80c837f5840d33cf;c2bb2057a3ccbc7809aaaced1a3dd302	ftp.sra.ebi.ac.uk/vol1/fastq/SRR134/058/SRR13419858/SRR13419858_1.fastq.gz;ftp.sra.ebi.ac.uk/vol1/fastq/SRR134/058/SRR13419858/SRR13419858_2.fastq.gz	COI-DS1-4	PCR of COI
SRR13419859	DS8-3	ROS-3_S50_L001_R1_001.fastq.gz	c488b45ab66d99956535be2baa2f376f;2a719eccfcb485160a272090d8514945	ftp.sra.ebi.ac.uk/vol1/fastq/SRR134/059/SRR13419859/SRR13419859_1.fastq.gz;ftp.sra.ebi.ac.uk/vol1/fastq/SRR134/059/SRR13419859/SRR13419859_2.fastq.gz	COI-DS8-3	PCR of COI
SRR13419860	DS8-2	ROS-2_S38_L001_R1_001.fastq.gz	76c3d1e9a233a6ac15517bbd5dc173cc;418afa386f52711c576c39c6ec32e5d9	ftp.sra.ebi.ac.uk/vol1/fastq/SRR134/060/SRR13419860/SRR13419860_1.fastq.gz;ftp.sra.ebi.ac.uk/vol1/fastq/SRR134/060/SRR13419860/SRR13419860_2.fastq.gz	COI-DS8-2	PCR of COI
SRR13419861	DS8-1	ROS-1_S26_L001_R1_001.fastq.gz	1b00ea8875e7922d7b0897e5e5eb58e5;ec564768464fd21b50df271252cf9318	ftp.sra.ebi.ac.uk/vol1/fastq/SRR134/061/SRR13419861/SRR13419861_1.fastq.gz;ftp.sra.ebi.ac.uk/vol1/fastq/SRR134/061/SRR13419861/SRR13419861_2.fastq.gz	COI-DS8-1	PCR of COI
SRR13419862	DS7-4	HLS-9_S64_L001_R1_001.fastq.gz	6936d531f325c752b89e54705df291f6;511491dda9f58464da4d36a20931c843	ftp.sra.ebi.ac.uk/vol1/fastq/SRR134/062/SRR13419862/SRR13419862_1.fastq.gz;ftp.sra.ebi.ac.uk/vol1/fastq/SRR134/062/SRR13419862/SRR13419862_2.fastq.gz	COI-DS7-4	PCR of COI
SRR13419863	DS7-3	HLS-8_S52_L001_R1_001.fastq.gz	b54cb690353634afae0d2aa5cc9dc4c6;8e819e6eb4dbb19a30f22967db7afb09	ftp.sra.ebi.ac.uk/vol1/fastq/SRR134/063/SRR13419863/SRR13419863_1.fastq.gz;ftp.sra.ebi.ac.uk/vol1/fastq/SRR134/063/SRR13419863/SRR13419863_2.fastq.gz	COI-DS7-3	PCR of COI
SRR13419864	DS7-2	HLS-7_S40_L001_R1_001.fastq.gz	717511d64ab9c7c1e1ec134a8ee1ad18;9b07241586aa3050c34f16d96a17275e	ftp.sra.ebi.ac.uk/vol1/fastq/SRR134/064/SRR13419864/SRR13419864_1.fastq.gz;ftp.sra.ebi.ac.uk/vol1/fastq/SRR134/064/SRR13419864/SRR13419864_2.fastq.gz	COI-DS7-2	PCR of COI
SRR13419865	DS7-1	HLS-6_S28_L001_R1_001.fastq.gz	a030e82c853f418e3d0cb178204015d3;c085fe5b343f864dd30c47ccecbda2a9	ftp.sra.ebi.ac.uk/vol1/fastq/SRR134/065/SRR13419865/SRR13419865_1.fastq.gz;ftp.sra.ebi.ac.uk/vol1/fastq/SRR134/065/SRR13419865/SRR13419865_2.fastq.gz	COI-DS7-1	PCR of COI
SRR13419866	DS7-5	HLS-10_S76_L001_R1_001.fastq.gz	7fe6a42b8604d1c65f9b3578985aa6da;d8012e86d28af31c75c533416445937b	ftp.sra.ebi.ac.uk/vol1/fastq/SRR134/066/SRR13419866/SRR13419866_1.fastq.gz;ftp.sra.ebi.ac.uk/vol1/fastq/SRR134/066/SRR13419866/SRR13419866_2.fastq.gz	COI-DS7-5	PCR of COI
SRR13419867	DS6-9	DUN-9_S6_L001_R1_001.fastq.gz	5b37f5c3e6f1a166710f73606bbe2043;1ad9095c08ac64624f2354830339c987	ftp.sra.ebi.ac.uk/vol1/fastq/SRR134/067/SRR13419867/SRR13419867_1.fastq.gz;ftp.sra.ebi.ac.uk/vol1/fastq/SRR134/067/SRR13419867/SRR13419867_2.fastq.gz	COI-DS6-9	PCR of COI
SRR13419868	DS6-8	DUN-8_S89_L001_R1_001.fastq.gz	6f5c405eb0496b60a58373c91b068674;35e392bbe220e1a488db5cff4be6d823	ftp.sra.ebi.ac.uk/vol1/fastq/SRR134/068/SRR13419868/SRR13419868_1.fastq.gz;ftp.sra.ebi.ac.uk/vol1/fastq/SRR134/068/SRR13419868/SRR13419868_2.fastq.gz	COI-DS6-8	PCR of COI
SRR13419869	DS1-3	B-3_S28_L001_R1_001.fastq.gz	09f5442406a2a41c729d005078270224;98dc0a4d92e1e2ccc4996e2f7b6d9e3e	ftp.sra.ebi.ac.uk/vol1/fastq/SRR134/069/SRR13419869/SRR13419869_1.fastq.gz;ftp.sra.ebi.ac.uk/vol1/fastq/SRR134/069/SRR13419869/SRR13419869_2.fastq.gz	COI-DS1-3	PCR of COI
SRR13419870	DS6-7	DUN-7_S77_L001_R1_001.fastq.gz	9ee55a848cc860cf088678ae94534e06;afb09fb47bf1edcc987d32aefb5a22a8	ftp.sra.ebi.ac.uk/vol1/fastq/SRR134/070/SRR13419870/SRR13419870_1.fastq.gz;ftp.sra.ebi.ac.uk/vol1/fastq/SRR134/070/SRR13419870/SRR13419870_2.fastq.gz	COI-DS6-7	PCR of COI
SRR13419871	DS6-6	DUN-6_S65_L001_R1_001.fastq.gz	4150b6d190f9ebd9bac78267356fb46a;203d721819dce459e8d3cda0ca1af1ad	ftp.sra.ebi.ac.uk/vol1/fastq/SRR134/071/SRR13419871/SRR13419871_1.fastq.gz;ftp.sra.ebi.ac.uk/vol1/fastq/SRR134/071/SRR13419871/SRR13419871_2.fastq.gz	COI-DS6-6	PCR of COI
SRR13419872	DS6-5	DUN-5_S53_L001_R1_001.fastq.gz	3cd58a7fa320c0cada2f7f20270c1e50;abbf540d153d4a62df72e12376c5e5e3	ftp.sra.ebi.ac.uk/vol1/fastq/SRR134/072/SRR13419872/SRR13419872_1.fastq.gz;ftp.sra.ebi.ac.uk/vol1/fastq/SRR134/072/SRR13419872/SRR13419872_2.fastq.gz	COI-DS6-5	PCR of COI
SRR13419873	DS6-4	DUN-4_S41_L001_R1_001.fastq.gz	bdf16140d30619c084eb85d1e06f3218;7c71390e26d14f8bcc8c790ad2c258f3	ftp.sra.ebi.ac.uk/vol1/fastq/SRR134/073/SRR13419873/SRR13419873_1.fastq.gz;ftp.sra.ebi.ac.uk/vol1/fastq/SRR134/073/SRR13419873/SRR13419873_2.fastq.gz	COI-DS6-4	PCR of COI
SRR13419874	DS6-3	DUN-3_S29_L001_R1_001.fastq.gz	9de9ec54059c0c684d4a764f4eeab93c;f2e8be245df4d8edc31ac235ffea7ac4	ftp.sra.ebi.ac.uk/vol1/fastq/SRR134/074/SRR13419874/SRR13419874_1.fastq.gz;ftp.sra.ebi.ac.uk/vol1/fastq/SRR134/074/SRR13419874/SRR13419874_2.fastq.gz	COI-DS6-3	PCR of COI
SRR13419875	DS6-2	DUN-2_S17_L001_R1_001.fastq.gz	2901280d1cf740d8e2c076706e20b71b;d96b795db36c256504dda2882aa19247	ftp.sra.ebi.ac.uk/vol1/fastq/SRR134/075/SRR13419875/SRR13419875_1.fastq.gz;ftp.sra.ebi.ac.uk/vol1/fastq/SRR134/075/SRR13419875/SRR13419875_2.fastq.gz	COI-DS6-2	PCR of COI
SRR13419876	DS6-10	DUN-10_S18_L001_R1_001.fastq.gz	26efe31e7199f623701ea3c5c43fd15b;ebc40de32cf41b3032fbc379bc208c19	ftp.sra.ebi.ac.uk/vol1/fastq/SRR134/076/SRR13419876/SRR13419876_1.fastq.gz;ftp.sra.ebi.ac.uk/vol1/fastq/SRR134/076/SRR13419876/SRR13419876_2.fastq.gz	COI-DS6-10	PCR of COI
SRR13419877	DS6-1	DUN-1_S5_L001_R1_001.fastq.gz	d915c5e69fe3971decec613254276ae3;5765680174d609f8a2c4282688a0cae2	ftp.sra.ebi.ac.uk/vol1/fastq/SRR134/077/SRR13419877/SRR13419877_1.fastq.gz;ftp.sra.ebi.ac.uk/vol1/fastq/SRR134/077/SRR13419877/SRR13419877_2.fastq.gz	COI-DS6-1	PCR of COI
SRR13419878	DS5-9	DAL-19_S35_L001_R1_001.fastq.gz	a90c053325153776dfb04c66088c84ec;8ea0d3f5522741378c190c3a8d1c833c	ftp.sra.ebi.ac.uk/vol1/fastq/SRR134/078/SRR13419878/SRR13419878_1.fastq.gz;ftp.sra.ebi.ac.uk/vol1/fastq/SRR134/078/SRR13419878/SRR13419878_2.fastq.gz	COI-DS5-9	PCR of COI
SRR13419879	DS5-8	DAL-18_S23_L001_R1_001.fastq.gz	5beb253569795c7f9f876c7dd837ef41;42e3890eb21051d57b8e8eedeccff1e1	ftp.sra.ebi.ac.uk/vol1/fastq/SRR134/079/SRR13419879/SRR13419879_1.fastq.gz;ftp.sra.ebi.ac.uk/vol1/fastq/SRR134/079/SRR13419879/SRR13419879_2.fastq.gz	COI-DS5-8	PCR of COI
SRR13419880	DS1-2	B-2_S16_L001_R1_001.fastq.gz	a5108fbcc8481f6158bd44e9f71bd379;71ffeae3992ef4a864928ff10f597b43	ftp.sra.ebi.ac.uk/vol1/fastq/SRR134/080/SRR13419880/SRR13419880_1.fastq.gz;ftp.sra.ebi.ac.uk/vol1/fastq/SRR134/080/SRR13419880/SRR13419880_2.fastq.gz	COI-DS1-2	PCR of COI
SRR13419881	DS5-7	DAL-17_S11_L001_R1_001.fastq.gz	7b7f44c763661448db01158a486ee9b7;6856c9667a3f76424bdc20c225312a5a	ftp.sra.ebi.ac.uk/vol1/fastq/SRR134/081/SRR13419881/SRR13419881_1.fastq.gz;ftp.sra.ebi.ac.uk/vol1/fastq/SRR134/081/SRR13419881/SRR13419881_2.fastq.gz	COI-DS5-7	PCR of COI
SRR13419882	DS5-6	DAL-16_S94_L001_R1_001.fastq.gz	05527ced66410b870a4af237c90dc5ff;5dcd1d092a1265d368a86d1fdd2d0886	ftp.sra.ebi.ac.uk/vol1/fastq/SRR134/082/SRR13419882/SRR13419882_1.fastq.gz;ftp.sra.ebi.ac.uk/vol1/fastq/SRR134/082/SRR13419882/SRR13419882_2.fastq.gz	COI-DS5-6	PCR of COI
SRR13419883	DS5-5	DAL-15_S82_L001_R1_001.fastq.gz	baf767a6f301d972a780ae7b3f04c5f0;c618810f3c78741bc80eacfca4cceb17	ftp.sra.ebi.ac.uk/vol1/fastq/SRR134/083/SRR13419883/SRR13419883_1.fastq.gz;ftp.sra.ebi.ac.uk/vol1/fastq/SRR134/083/SRR13419883/SRR13419883_2.fastq.gz	COI-DS5-5	PCR of COI
SRR13419884	DS5-4	DAL-14_S70_L001_R1_001.fastq.gz	702d39762f7b3e229862ff3592957393;4868d0afab5010016f7d29470a1b6881	ftp.sra.ebi.ac.uk/vol1/fastq/SRR134/084/SRR13419884/SRR13419884_1.fastq.gz;ftp.sra.ebi.ac.uk/vol1/fastq/SRR134/084/SRR13419884/SRR13419884_2.fastq.gz	COI-DS5-4	PCR of COI
SRR13419885	DS5-3	DAL-13_S58_L001_R1_001.fastq.gz	486f5d8e5e2e99ca20bc3ca375c06b4f;1662d3ac427b546a376312469c67ef94	ftp.sra.ebi.ac.uk/vol1/fastq/SRR134/085/SRR13419885/SRR13419885_1.fastq.gz;ftp.sra.ebi.ac.uk/vol1/fastq/SRR134/085/SRR13419885/SRR13419885_2.fastq.gz	COI-DS5-3	PCR of COI
SRR13419886	DS5-2	DAL-12_S46_L001_R1_001.fastq.gz	2205a138ecba4b864d92b04ac6b5a8fd;556ff2ffa6cdd3b5caca24479997ff2d	ftp.sra.ebi.ac.uk/vol1/fastq/SRR134/086/SRR13419886/SRR13419886_1.fastq.gz;ftp.sra.ebi.ac.uk/vol1/fastq/SRR134/086/SRR13419886/SRR13419886_2.fastq.gz	COI-DS5-2	PCR of COI
SRR13419887	DS5-10	DAL-20_S47_L001_R1_001.fastq.gz	532586281f461a7641005560506abade;3385dfe6c1d7b8ab6d98116dc8140f6a	ftp.sra.ebi.ac.uk/vol1/fastq/SRR134/087/SRR13419887/SRR13419887_1.fastq.gz;ftp.sra.ebi.ac.uk/vol1/fastq/SRR134/087/SRR13419887/SRR13419887_2.fastq.gz	COI-DS5-10	PCR of COI
SRR13419888	DS5-1	DAL-11_S34_L001_R1_001.fastq.gz	1fc73f7864bc9df5c8378df1b03881ed;dd6d2ab7376eb12a92781e1944f02648	ftp.sra.ebi.ac.uk/vol1/fastq/SRR134/088/SRR13419888/SRR13419888_1.fastq.gz;ftp.sra.ebi.ac.uk/vol1/fastq/SRR134/088/SRR13419888/SRR13419888_2.fastq.gz	COI-DS5-1	PCR of COI
SRR13419889	DS4-9	Co-9_S79_L001_R1_001.fastq.gz	1400f90a65e0b56121de5bb01f28870b;b9a1889cee11f4b8dd4fbc6c4c944210	ftp.sra.ebi.ac.uk/vol1/fastq/SRR134/089/SRR13419889/SRR13419889_1.fastq.gz;ftp.sra.ebi.ac.uk/vol1/fastq/SRR134/089/SRR13419889/SRR13419889_2.fastq.gz	COI-DS4-9	PCR of COI
SRR13419890	DS4-8	Co-8_S92_L001_R1_001.fastq.gz	60d356b3e8c945a0897475bef1ba66c9;993226c6491ec4c4fd90892611a5777c	ftp.sra.ebi.ac.uk/vol1/fastq/SRR134/090/SRR13419890/SRR13419890_1.fastq.gz;ftp.sra.ebi.ac.uk/vol1/fastq/SRR134/090/SRR13419890/SRR13419890_2.fastq.gz	COI-DS4-8	PCR of COI
SRR13419891	DS1-10	B-10_S87_L001_R1_001.fastq.gz	9a666cc3062d9fa34368bbb48748505d;41dad27c29b49ad0b8bdfdc3f1880805	ftp.sra.ebi.ac.uk/vol1/fastq/SRR134/091/SRR13419891/SRR13419891_1.fastq.gz;ftp.sra.ebi.ac.uk/vol1/fastq/SRR134/091/SRR13419891/SRR13419891_2.fastq.gz	COI-DS1-10	PCR of COI
SRR13419892	DS4-7	Co-7_S80_L001_R1_001.fastq.gz	c8f6dcd113b9e9ba79381c61662d84ed;8bf2a8c5a47e4913901f7c3ed2f84c10	ftp.sra.ebi.ac.uk/vol1/fastq/SRR134/092/SRR13419892/SRR13419892_1.fastq.gz;ftp.sra.ebi.ac.uk/vol1/fastq/SRR134/092/SRR13419892/SRR13419892_2.fastq.gz	COI-DS4-7	PCR of COI
SRR13419893	DS4-6	Co-6_S68_L001_R1_001.fastq.gz	f792ea8eebf5b5093ee72d68b3ed2a29;1b3f12883db4cb1e570b685111d47158	ftp.sra.ebi.ac.uk/vol1/fastq/SRR134/093/SRR13419893/SRR13419893_1.fastq.gz;ftp.sra.ebi.ac.uk/vol1/fastq/SRR134/093/SRR13419893/SRR13419893_2.fastq.gz	COI-DS4-6	PCR of COI
SRR13419894	DS4-5	Co-5_S56_L001_R1_001.fastq.gz	a13f2a5dbd6863313a3447bd7de307d8;bc7ae4893d332382227c3d4c0cd865ff	ftp.sra.ebi.ac.uk/vol1/fastq/SRR134/094/SRR13419894/SRR13419894_1.fastq.gz;ftp.sra.ebi.ac.uk/vol1/fastq/SRR134/094/SRR13419894/SRR13419894_2.fastq.gz	COI-DS4-5	PCR of COI
SRR13419895	DS4-4	Co-4_S44_L001_R1_001.fastq.gz	2b9e826bc8722b4a3db50a3e8c44cd0e;90a113e95992ec1a1eeec55842b1f592	ftp.sra.ebi.ac.uk/vol1/fastq/SRR134/095/SRR13419895/SRR13419895_1.fastq.gz;ftp.sra.ebi.ac.uk/vol1/fastq/SRR134/095/SRR13419895/SRR13419895_2.fastq.gz	COI-DS4-4	PCR of COI
SRR13419896	DS4-3	Co-3_S32_L001_R1_001.fastq.gz	e944364226a7e5a6fb4e703d389dff07;43f0cfe1942689fc11fd177736f864b7	ftp.sra.ebi.ac.uk/vol1/fastq/SRR134/096/SRR13419896/SRR13419896_1.fastq.gz;ftp.sra.ebi.ac.uk/vol1/fastq/SRR134/096/SRR13419896/SRR13419896_2.fastq.gz	COI-DS4-3	PCR of COI
SRR13419897	DS4-2	Co-2_S20_L001_R1_001.fastq.gz	8ddc0c7b2fb5db9fa310d94bb2256218;19e7428ddb2faa7c31abf788bcf0ac33	ftp.sra.ebi.ac.uk/vol1/fastq/SRR134/097/SRR13419897/SRR13419897_1.fastq.gz;ftp.sra.ebi.ac.uk/vol1/fastq/SRR134/097/SRR13419897/SRR13419897_2.fastq.gz	COI-DS4-2	PCR of COI
SRR13419898	DS4-10	Co-10_S91_L001_R1_001.fastq.gz	97a372ff2e1d55a477441b7f3ddbd952;35606ceb9a3cdeb08b820be4dd3c7d7d	ftp.sra.ebi.ac.uk/vol1/fastq/SRR134/098/SRR13419898/SRR13419898_1.fastq.gz;ftp.sra.ebi.ac.uk/vol1/fastq/SRR134/098/SRR13419898/SRR13419898_2.fastq.gz	COI-DS4-10	PCR of COI
SRR13419899	DS4-1	Co-1_S8_L001_R1_001.fastq.gz	7b04c75e16a455e6f0ce68e2decc3458;64ee0df1b0122a197ef6ee3d1c8b4274	ftp.sra.ebi.ac.uk/vol1/fastq/SRR134/099/SRR13419899/SRR13419899_1.fastq.gz;ftp.sra.ebi.ac.uk/vol1/fastq/SRR134/099/SRR13419899/SRR13419899_2.fastq.gz	COI-DS4-1	PCR of COI
SRR13419900	DS3-9	Cly-9_S83_L001_R1_001.fastq.gz	91a1668346c038dffc1c763247dfbb35;60f0a032a30a507573c1e8492706fa45	ftp.sra.ebi.ac.uk/vol1/fastq/SRR134/000/SRR13419900/SRR13419900_1.fastq.gz;ftp.sra.ebi.ac.uk/vol1/fastq/SRR134/000/SRR13419900/SRR13419900_2.fastq.gz	COI-DS3-9	PCR of COI
SRR13419901	DS3-8	Cly-8_S96_L001_R1_001.fastq.gz	8ef37cd2031459838896f7feebb7bdf4;aca9664905a9a1ea4c302a9be0ac2753	ftp.sra.ebi.ac.uk/vol1/fastq/SRR134/001/SRR13419901/SRR13419901_1.fastq.gz;ftp.sra.ebi.ac.uk/vol1/fastq/SRR134/001/SRR13419901/SRR13419901_2.fastq.gz	COI-DS3-8	PCR of COI
SRR13419902	DS1-1	B-1_S4_L001_R1_001.fastq.gz	a32bf9d1620013b7259482d3b5b6d243;c08e50aa1c11f4942752f910d5811a7c	ftp.sra.ebi.ac.uk/vol1/fastq/SRR134/002/SRR13419902/SRR13419902_1.fastq.gz;ftp.sra.ebi.ac.uk/vol1/fastq/SRR134/002/SRR13419902/SRR13419902_2.fastq.gz	COI-DS1-1	PCR of COI
SRR13419903	DS3-7	Cly-7_S84_L001_R1_001.fastq.gz	8bd3c76abfb3ab5fcf52697ba8eb1b71;99f5ec80c0cd4362528321a12a1c5348	ftp.sra.ebi.ac.uk/vol1/fastq/SRR134/003/SRR13419903/SRR13419903_1.fastq.gz;ftp.sra.ebi.ac.uk/vol1/fastq/SRR134/003/SRR13419903/SRR13419903_2.fastq.gz	COI-DS3-7	PCR of COI
SRR13419904	DS3-6	Cly-6_S72_L001_R1_001.fastq.gz	d0703cab4bc468f9739f2e46698ffbb5;ad023e12cb540778e46878ddc52560be	ftp.sra.ebi.ac.uk/vol1/fastq/SRR134/004/SRR13419904/SRR13419904_1.fastq.gz;ftp.sra.ebi.ac.uk/vol1/fastq/SRR134/004/SRR13419904/SRR13419904_2.fastq.gz	COI-DS3-6	PCR of COI
SRR13419905	DS3-5	Cly-5_S60_L001_R1_001.fastq.gz	38bc8fc610b214edd0a201fc8e8f04ee;8d60ee8f8b9b06da6356d64b7062d25d	ftp.sra.ebi.ac.uk/vol1/fastq/SRR134/005/SRR13419905/SRR13419905_1.fastq.gz;ftp.sra.ebi.ac.uk/vol1/fastq/SRR134/005/SRR13419905/SRR13419905_2.fastq.gz	COI-DS3-5	PCR of COI
SRR13419906	DS3-4	Cly-4_S48_L001_R1_001.fastq.gz	eb5bc5879c1b62192dc09398e735d2a9;3c8384850b4767042e2f2c0473f386cb	ftp.sra.ebi.ac.uk/vol1/fastq/SRR134/006/SRR13419906/SRR13419906_1.fastq.gz;ftp.sra.ebi.ac.uk/vol1/fastq/SRR134/006/SRR13419906/SRR13419906_2.fastq.gz	COI-DS3-4	PCR of COI
SRR13419907	DS3-3	Cly-3_S36_L001_R1_001.fastq.gz	e8c90c7ccc1f02676085ef331b0790bd;fa1763b4ac645fe15b6b984c05203ca7	ftp.sra.ebi.ac.uk/vol1/fastq/SRR134/007/SRR13419907/SRR13419907_1.fastq.gz;ftp.sra.ebi.ac.uk/vol1/fastq/SRR134/007/SRR13419907/SRR13419907_2.fastq.gz	COI-DS3-3	PCR of COI
SRR13419908	DS3-2	Cly-2_S24_L001_R1_001.fastq.gz	7c3cf958ae5e7305262daf7b5b458bae;b2f7c2d1fc0fbdae95a83d22f9669366	ftp.sra.ebi.ac.uk/vol1/fastq/SRR134/008/SRR13419908/SRR13419908_1.fastq.gz;ftp.sra.ebi.ac.uk/vol1/fastq/SRR134/008/SRR13419908/SRR13419908_2.fastq.gz	COI-DS3-2	PCR of COI
SRR13419909	DS3-10	Cly-10_S95_L001_R1_001.fastq.gz	ebe1e32e72673d21523abd0857825c9f;d7e33cd07903eef66c279ded28c99879	ftp.sra.ebi.ac.uk/vol1/fastq/SRR134/009/SRR13419909/SRR13419909_1.fastq.gz;ftp.sra.ebi.ac.uk/vol1/fastq/SRR134/009/SRR13419909/SRR13419909_2.fastq.gz	COI-DS3-10	PCR of COI
SRR13419910	DS3-1	Cly-1_S12_L001_R1_001.fastq.gz	918c6ca43917f14421d792267deb6af0;2a37df8f3ef9f50330e6ed68a7167f1d	ftp.sra.ebi.ac.uk/vol1/fastq/SRR134/010/SRR13419910/SRR13419910_1.fastq.gz;ftp.sra.ebi.ac.uk/vol1/fastq/SRR134/010/SRR13419910/SRR13419910_2.fastq.gz	COI-DS3-1	PCR of COI
SRR13419911	DS2-8	BOU-8_S90_L001_R1_001.fastq.gz	bbf30b462bba6697cc102ceff741e416;a3dc81da7dff4147470097fd2b24e331	ftp.sra.ebi.ac.uk/vol1/fastq/SRR134/011/SRR13419911/SRR13419911_1.fastq.gz;ftp.sra.ebi.ac.uk/vol1/fastq/SRR134/011/SRR13419911/SRR13419911_2.fastq.gz	COI-DS2-8	PCR of COI
SRR13419912	DS2-7	BOU-7_S78_L001_R1_001.fastq.gz	a022d4ff868587f483bb0c2a185ab788;7fea03be26351519eb8f395d00d8deae	ftp.sra.ebi.ac.uk/vol1/fastq/SRR134/012/SRR13419912/SRR13419912_1.fastq.gz;ftp.sra.ebi.ac.uk/vol1/fastq/SRR134/012/SRR13419912/SRR13419912_2.fastq.gz	COI-DS2-7	PCR of COI
SRR13419913	Control-Phytophthora-3	posi-1_S84_L001_R1_001.fastq.gz	334665aa9a794ee02f854b77089d569b;ac0467a6b4c985ffef31fa13bf766229	ftp.sra.ebi.ac.uk/vol1/fastq/SRR134/013/SRR13419913/SRR13419913_1.fastq.gz;ftp.sra.ebi.ac.uk/vol1/fastq/SRR134/013/SRR13419913/SRR13419913_2.fastq.gz	COI-Control-Phytophthora-3	PCR of COI
SRR13419914	DS2-6	BOU-6_S66_L001_R1_001.fastq.gz	b0831d8e88a4ec0dd6f8f1da2cada99d;91755ff9435681c2b4f92ffdb1fa8091	ftp.sra.ebi.ac.uk/vol1/fastq/SRR134/014/SRR13419914/SRR13419914_1.fastq.gz;ftp.sra.ebi.ac.uk/vol1/fastq/SRR134/014/SRR13419914/SRR13419914_2.fastq.gz	COI-DS2-6	PCR of COI
SRR13419915	DS2-5	BOU-5_S54_L001_R1_001.fastq.gz	82c95b2038880893a50c392270c6920f;449d47a726c8c877275eac48f1624921	ftp.sra.ebi.ac.uk/vol1/fastq/SRR134/015/SRR13419915/SRR13419915_1.fastq.gz;ftp.sra.ebi.ac.uk/vol1/fastq/SRR134/015/SRR13419915/SRR13419915_2.fastq.gz	COI-DS2-5	PCR of COI
SRR13419916	DS2-4	BOU-4_S42_L001_R1_001.fastq.gz	a17ddc1e943e165ffe3989c01c0f96c7;fad3e7d1a341f5021776dbc58312086b	ftp.sra.ebi.ac.uk/vol1/fastq/SRR134/016/SRR13419916/SRR13419916_1.fastq.gz;ftp.sra.ebi.ac.uk/vol1/fastq/SRR134/016/SRR13419916/SRR13419916_2.fastq.gz	COI-DS2-4	PCR of COI
SRR13419917	DS2-3	BOU-3_S30_L001_R1_001.fastq.gz	afb5a0be5f32d4448a3eb418c8fc20fb;eda3984e5167a39fa8d1891e157d61e3	ftp.sra.ebi.ac.uk/vol1/fastq/SRR134/017/SRR13419917/SRR13419917_1.fastq.gz;ftp.sra.ebi.ac.uk/vol1/fastq/SRR134/017/SRR13419917/SRR13419917_2.fastq.gz	COI-DS2-3	PCR of COI
SRR13419918	DS2-2	BOU-2_S18_L001_R1_001.fastq.gz	30383880330f7ac442c495a5ebc39e7e;abcba40f73423eba3578fd671d8b531b	ftp.sra.ebi.ac.uk/vol1/fastq/SRR134/018/SRR13419918/SRR13419918_1.fastq.gz;ftp.sra.ebi.ac.uk/vol1/fastq/SRR134/018/SRR13419918/SRR13419918_2.fastq.gz	COI-DS2-2	PCR of COI
SRR13419919	DS2-10	BOU-10-1_S72_L001_R1_001.fastq.gz	24898ba26fb33326fd12f3ced7d0929a;4ae0a97d50ec7aa0233b2eb2100d95a8	ftp.sra.ebi.ac.uk/vol1/fastq/SRR134/019/SRR13419919/SRR13419919_1.fastq.gz;ftp.sra.ebi.ac.uk/vol1/fastq/SRR134/019/SRR13419919/SRR13419919_2.fastq.gz	COI-DS2-10	PCR of COI
SRR13419920	US5-9	TYW-9_S88_L001_R1_001.fastq.gz	95036e4797853aa85c520ac52030c7a7;4e5e9b979d3c11336b491dc8f792aa52	ftp.sra.ebi.ac.uk/vol1/fastq/SRR134/020/SRR13419920/SRR13419920_1.fastq.gz;ftp.sra.ebi.ac.uk/vol1/fastq/SRR134/020/SRR13419920/SRR13419920_2.fastq.gz	COI-US5-9	PCR of COI
SRR13419921	US5-8	TYW-8_S89_L001_R1_001.fastq.gz	65aecc0cc31f08530903fc2ea5b99be3;401062d92650f75bf2d2ce0c5ca333b5	ftp.sra.ebi.ac.uk/vol1/fastq/SRR134/021/SRR13419921/SRR13419921_1.fastq.gz;ftp.sra.ebi.ac.uk/vol1/fastq/SRR134/021/SRR13419921/SRR13419921_2.fastq.gz	COI-US5-8	PCR of COI
SRR13419922	US5-7	TYW-7_S77_L001_R1_001.fastq.gz	99d3b0693d2e8ea7fac26bae2b6c13ae;06cfd21f8ed8030b11691949001ca736	ftp.sra.ebi.ac.uk/vol1/fastq/SRR134/022/SRR13419922/SRR13419922_1.fastq.gz;ftp.sra.ebi.ac.uk/vol1/fastq/SRR134/022/SRR13419922/SRR13419922_2.fastq.gz	COI-US5-7	PCR of COI
SRR13419923	US5-6	TYW-6_S65_L001_R1_001.fastq.gz	942e63476a4fedb4a6ad125f015b82e5;ff54fcf799b82f35d96387d4da097491	ftp.sra.ebi.ac.uk/vol1/fastq/SRR134/023/SRR13419923/SRR13419923_1.fastq.gz;ftp.sra.ebi.ac.uk/vol1/fastq/SRR134/023/SRR13419923/SRR13419923_2.fastq.gz	COI-US5-6	PCR of COI
SRR13419924	US5-5	TYW-5_S53_L001_R1_001.fastq.gz	39a2ae4baa029a02c7c8ca9a232222ba;2fd1eef5e8d24b44ad76dd2674fc27da	ftp.sra.ebi.ac.uk/vol1/fastq/SRR134/024/SRR13419924/SRR13419924_1.fastq.gz;ftp.sra.ebi.ac.uk/vol1/fastq/SRR134/024/SRR13419924/SRR13419924_2.fastq.gz	COI-US5-5	PCR of COI
SRR13419925	DS2-1	BOU-1_S6_L001_R1_001.fastq.gz	578ac5a1ad661d4a971ca986e948d142;9097debdf4af8d36179cdf8c0a12656d	ftp.sra.ebi.ac.uk/vol1/fastq/SRR134/025/SRR13419925/SRR13419925_1.fastq.gz;ftp.sra.ebi.ac.uk/vol1/fastq/SRR134/025/SRR13419925/SRR13419925_2.fastq.gz	COI-DS2-1	PCR of COI
SRR13419926	US5-4	TYW-4_S41_L001_R1_001.fastq.gz	6183490e4daacc6712bb0f75f13c5906;718c4d02dfe1b72954bdab8dd0fd8fcd	ftp.sra.ebi.ac.uk/vol1/fastq/SRR134/026/SRR13419926/SRR13419926_1.fastq.gz;ftp.sra.ebi.ac.uk/vol1/fastq/SRR134/026/SRR13419926/SRR13419926_2.fastq.gz	COI-US5-4	PCR of COI
SRR13419927	US5-3	TYW-3_S29_L001_R1_001.fastq.gz	615a03d8128be57c0b93451302d70e6f;71b7936220e452e7d9b06659f6162038	ftp.sra.ebi.ac.uk/vol1/fastq/SRR134/027/SRR13419927/SRR13419927_1.fastq.gz;ftp.sra.ebi.ac.uk/vol1/fastq/SRR134/027/SRR13419927/SRR13419927_2.fastq.gz	COI-US5-3	PCR of COI
SRR13419928	US5-2	TYW-2_S17_L001_R1_001.fastq.gz	f105629067e697ee79f558c2f6a72160;d9a4b24431aa37dce4e78bac72656775	ftp.sra.ebi.ac.uk/vol1/fastq/SRR134/028/SRR13419928/SRR13419928_1.fastq.gz;ftp.sra.ebi.ac.uk/vol1/fastq/SRR134/028/SRR13419928/SRR13419928_2.fastq.gz	COI-US5-2	PCR of COI
SRR13419929	US5-1	TYW-1_S5_L001_R1_001.fastq.gz	d827dc0c043ba3cb58273b64bd1752dc;3bdea194ee440202afd8638f54c9c7a8	ftp.sra.ebi.ac.uk/vol1/fastq/SRR134/029/SRR13419929/SRR13419929_1.fastq.gz;ftp.sra.ebi.ac.uk/vol1/fastq/SRR134/029/SRR13419929/SRR13419929_2.fastq.gz	COI-US5-1	PCR of COI
SRR13419930	US4-9	RS-9_S2_L001_R1_001.fastq.gz	6d1533a6bceee8918f8370f32c1c5e77;58ab1ebcc4f71646f4401519ebc43e0c	ftp.sra.ebi.ac.uk/vol1/fastq/SRR134/030/SRR13419930/SRR13419930_1.fastq.gz;ftp.sra.ebi.ac.uk/vol1/fastq/SRR134/030/SRR13419930/SRR13419930_2.fastq.gz	COI-US4-9	PCR of COI
SRR13419931	US4-8	RS-8_S85_L001_R1_001.fastq.gz	8190af626278e5de6c0cf2757479884f;a454117e54ce16052db02847fe7e07e7	ftp.sra.ebi.ac.uk/vol1/fastq/SRR134/031/SRR13419931/SRR13419931_1.fastq.gz;ftp.sra.ebi.ac.uk/vol1/fastq/SRR134/031/SRR13419931/SRR13419931_2.fastq.gz	COI-US4-8	PCR of COI
SRR13419932	US4-7	RS-7_S73_L001_R1_001.fastq.gz	b480a6b9a516ff66568af9ede1959533;5aeb1ab9118cdc5600800afb52e654b7	ftp.sra.ebi.ac.uk/vol1/fastq/SRR134/032/SRR13419932/SRR13419932_1.fastq.gz;ftp.sra.ebi.ac.uk/vol1/fastq/SRR134/032/SRR13419932/SRR13419932_2.fastq.gz	COI-US4-7	PCR of COI
SRR13419933	US4-6	RS-6_S61_L001_R1_001.fastq.gz	129d85972eca35d9964c1d829314335e;9d1385bdde426874b770ec8ae6a83050	ftp.sra.ebi.ac.uk/vol1/fastq/SRR134/033/SRR13419933/SRR13419933_1.fastq.gz;ftp.sra.ebi.ac.uk/vol1/fastq/SRR134/033/SRR13419933/SRR13419933_2.fastq.gz	COI-US4-6	PCR of COI
SRR13419934	US4-5	RS-5_S49_L001_R1_001.fastq.gz	0441098298e5fc7b59aff333bf001560;7802846e0215a545134914370e9d6284	ftp.sra.ebi.ac.uk/vol1/fastq/SRR134/034/SRR13419934/SRR13419934_1.fastq.gz;ftp.sra.ebi.ac.uk/vol1/fastq/SRR134/034/SRR13419934/SRR13419934_2.fastq.gz	COI-US4-5	PCR of COI
SRR13419935	US4-4	RS-4_S37_L001_R1_001.fastq.gz	8fcf589afabf6d127ec38c86eab0b6fd;eb3f8e4b0db263b0d62edb4ce31a913e	ftp.sra.ebi.ac.uk/vol1/fastq/SRR134/035/SRR13419935/SRR13419935_1.fastq.gz;ftp.sra.ebi.ac.uk/vol1/fastq/SRR134/035/SRR13419935/SRR13419935_2.fastq.gz	COI-US4-4	PCR of COI
SRR13419936	DS1-9	B-9_S75_L001_R1_001.fastq.gz	f5a90847aace748de4f5ab67be716b00;b4f4a6823867858af8728174e388d602	ftp.sra.ebi.ac.uk/vol1/fastq/SRR134/036/SRR13419936/SRR13419936_1.fastq.gz;ftp.sra.ebi.ac.uk/vol1/fastq/SRR134/036/SRR13419936/SRR13419936_2.fastq.gz	COI-DS1-9	PCR of COI
SRR13419937	US4-3	RS-3_S25_L001_R1_001.fastq.gz	7b826a403920cec69c4dbf44cc0ef459;32d235b2aab854290a4fa352e69272b7	ftp.sra.ebi.ac.uk/vol1/fastq/SRR134/037/SRR13419937/SRR13419937_1.fastq.gz;ftp.sra.ebi.ac.uk/vol1/fastq/SRR134/037/SRR13419937/SRR13419937_2.fastq.gz	COI-US4-3	PCR of COI
SRR13419938	US4-2	RS-2_S13_L001_R1_001.fastq.gz	cd57eb4e579305962a965a429571bb83;7c4e9457d9f1925324b1adc57dd0b7a9	ftp.sra.ebi.ac.uk/vol1/fastq/SRR134/038/SRR13419938/SRR13419938_1.fastq.gz;ftp.sra.ebi.ac.uk/vol1/fastq/SRR134/038/SRR13419938/SRR13419938_2.fastq.gz	COI-US4-2	PCR of COI
SRR13419939	US4-10	RS-10_S14_L001_R1_001.fastq.gz	9139af46f4e76e10585968afe53e5441;9fb582a61e6fa5a9dd9528a3fbb5ae9e	ftp.sra.ebi.ac.uk/vol1/fastq/SRR134/039/SRR13419939/SRR13419939_1.fastq.gz;ftp.sra.ebi.ac.uk/vol1/fastq/SRR134/039/SRR13419939/SRR13419939_2.fastq.gz	COI-US4-10	PCR of COI
SRR13419940	US4-1	RS-1_S1_L001_R1_001.fastq.gz	5d6dce47716782dc981965a91c507789;ec6c1f0969bde506f8e7de7f0adfd9f2	ftp.sra.ebi.ac.uk/vol1/fastq/SRR134/040/SRR13419940/SRR13419940_1.fastq.gz;ftp.sra.ebi.ac.uk/vol1/fastq/SRR134/040/SRR13419940/SRR13419940_2.fastq.gz	COI-US4-1	PCR of COI
SRR13419941	US3-9	OWS-9_S4_L001_R1_001.fastq.gz	f9b315db4c38812c3986b40f1d9d8d05;7319b3d0e03ddd157c03bf7161d8ca4d	ftp.sra.ebi.ac.uk/vol1/fastq/SRR134/041/SRR13419941/SRR13419941_1.fastq.gz;ftp.sra.ebi.ac.uk/vol1/fastq/SRR134/041/SRR13419941/SRR13419941_2.fastq.gz	COI-US3-9	PCR of COI
SRR13419942	US3-8	OWS-8_S87_L001_R1_001.fastq.gz	82a5f861a93564fa23da9303911f9e19;d005b5507756b5f95c9b6132883ecc1f	ftp.sra.ebi.ac.uk/vol1/fastq/SRR134/042/SRR13419942/SRR13419942_1.fastq.gz;ftp.sra.ebi.ac.uk/vol1/fastq/SRR134/042/SRR13419942/SRR13419942_2.fastq.gz	COI-US3-8	PCR of COI
SRR13419943	US3-7	OWS-7_S75_L001_R1_001.fastq.gz	80ead3d7542de497dbdd317528e9be3f;898618d1457a184f6c96fccb1ca388fa	ftp.sra.ebi.ac.uk/vol1/fastq/SRR134/043/SRR13419943/SRR13419943_1.fastq.gz;ftp.sra.ebi.ac.uk/vol1/fastq/SRR134/043/SRR13419943/SRR13419943_2.fastq.gz	COI-US3-7	PCR of COI
SRR13419944	US3-6	OWS-6_S63_L001_R1_001.fastq.gz	b9930b50127415c81b510af3a7cd12c4;8f40ba536dcc3d54c247d75ff0e311ae	ftp.sra.ebi.ac.uk/vol1/fastq/SRR134/044/SRR13419944/SRR13419944_1.fastq.gz;ftp.sra.ebi.ac.uk/vol1/fastq/SRR134/044/SRR13419944/SRR13419944_2.fastq.gz	COI-US3-6	PCR of COI
SRR13419945	US3-5	OWS-5_S51_L001_R1_001.fastq.gz	2d61d1261cc84c8578c6dae44223a2ca;2d32a52df3003cf24cbe9009578d6167	ftp.sra.ebi.ac.uk/vol1/fastq/SRR134/045/SRR13419945/SRR13419945_1.fastq.gz;ftp.sra.ebi.ac.uk/vol1/fastq/SRR134/045/SRR13419945/SRR13419945_2.fastq.gz	COI-US3-5	PCR of COI
SRR13419946	US3-4	OWS-4_S39_L001_R1_001.fastq.gz	58f45a427e66ddeac7211cd8996e0375;8bfff75b5264db30f06569c3840d7d96	ftp.sra.ebi.ac.uk/vol1/fastq/SRR134/046/SRR13419946/SRR13419946_1.fastq.gz;ftp.sra.ebi.ac.uk/vol1/fastq/SRR134/046/SRR13419946/SRR13419946_2.fastq.gz	COI-US3-4	PCR of COI
SRR13419947	DS1-8	B-8_S88_L001_R1_001.fastq.gz	1d360fd68d1ed6862ef1cb3b707c0b0c;ec05acd487884b452e42d29f2d872f55	ftp.sra.ebi.ac.uk/vol1/fastq/SRR134/047/SRR13419947/SRR13419947_1.fastq.gz;ftp.sra.ebi.ac.uk/vol1/fastq/SRR134/047/SRR13419947/SRR13419947_2.fastq.gz	COI-DS1-8	PCR of COI
SRR13419948	US3-3	OWS-3_S27_L001_R1_001.fastq.gz	828eecae67b5941cf52fb6919f1131ed;779cdef335b34accb3d82f853c59b217	ftp.sra.ebi.ac.uk/vol1/fastq/SRR134/048/SRR13419948/SRR13419948_1.fastq.gz;ftp.sra.ebi.ac.uk/vol1/fastq/SRR134/048/SRR13419948/SRR13419948_2.fastq.gz	COI-US3-3	PCR of COI
SRR13419949	US3-2	OWS-2_S15_L001_R1_001.fastq.gz	c91cbb379ab60f5a7a3f84e15298d83f;d8de8711bfb0b8d6a3f259af1981a780	ftp.sra.ebi.ac.uk/vol1/fastq/SRR134/049/SRR13419949/SRR13419949_1.fastq.gz;ftp.sra.ebi.ac.uk/vol1/fastq/SRR134/049/SRR13419949/SRR13419949_2.fastq.gz	COI-US3-2	PCR of COI
SRR13419950	US3-10	OWS-10_S16_L001_R1_001.fastq.gz	36b572aaaf0f9dcb49774be931d0e26c;22b2f6a9deb4b51198cea82ccbffe9af	ftp.sra.ebi.ac.uk/vol1/fastq/SRR134/050/SRR13419950/SRR13419950_1.fastq.gz;ftp.sra.ebi.ac.uk/vol1/fastq/SRR134/050/SRR13419950/SRR13419950_2.fastq.gz	COI-US3-10	PCR of COI
SRR13419951	US3-1	OWS-1_S3_L001_R1_001.fastq.gz	4f8eed9b07885cb329024869694c88a2;64c5deadc161b978d5a46fca8b10ebd7	ftp.sra.ebi.ac.uk/vol1/fastq/SRR134/051/SRR13419951/SRR13419951_1.fastq.gz;ftp.sra.ebi.ac.uk/vol1/fastq/SRR134/051/SRR13419951/SRR13419951_2.fastq.gz	COI-US3-1	PCR of COI
SRR13419952	US2-10	DUN-20_S43_L001_R1_001.fastq.gz	6b8026b2c7dd9fba3bc8dfa283a0eee8;b2b05f8bc7bb1b523b359e6e726efbd5	ftp.sra.ebi.ac.uk/vol1/fastq/SRR134/052/SRR13419952/SRR13419952_1.fastq.gz;ftp.sra.ebi.ac.uk/vol1/fastq/SRR134/052/SRR13419952/SRR13419952_2.fastq.gz	COI-US2-10	PCR of COI
SRR13419953	US2-9	DUN-19_S31_L001_R1_001.fastq.gz	5d225ca9c6cc1c857948411e92cbe639;3e150087aa08dfe8dce76750d84b2792	ftp.sra.ebi.ac.uk/vol1/fastq/SRR134/053/SRR13419953/SRR13419953_1.fastq.gz;ftp.sra.ebi.ac.uk/vol1/fastq/SRR134/053/SRR13419953/SRR13419953_2.fastq.gz	COI-US2-9	PCR of COI
SRR13419954	US2-8	DUN-18_S19_L001_R1_001.fastq.gz	2c2552f2e0cda6a974f1c2d96a5da9dd;4e384f1984ff24076a616759da7db07e	ftp.sra.ebi.ac.uk/vol1/fastq/SRR134/054/SRR13419954/SRR13419954_1.fastq.gz;ftp.sra.ebi.ac.uk/vol1/fastq/SRR134/054/SRR13419954/SRR13419954_2.fastq.gz	COI-US2-8	PCR of COI
SRR13419955	US2-7	DUN-17_S7_L001_R1_001.fastq.gz	8c125d01bf75aa6144dda08c693f07a5;7ad6af4b0a58b44509fddfcdcc113d77	ftp.sra.ebi.ac.uk/vol1/fastq/SRR134/055/SRR13419955/SRR13419955_1.fastq.gz;ftp.sra.ebi.ac.uk/vol1/fastq/SRR134/055/SRR13419955/SRR13419955_2.fastq.gz	COI-US2-7	PCR of COI
SRR13419956	US2-6	DUN-16_S90_L001_R1_001.fastq.gz	08788dff00b6dd13ac6ef8a7578c71a9;19b72852fb2155a782157b6c01efebdd	ftp.sra.ebi.ac.uk/vol1/fastq/SRR134/056/SRR13419956/SRR13419956_1.fastq.gz;ftp.sra.ebi.ac.uk/vol1/fastq/SRR134/056/SRR13419956/SRR13419956_2.fastq.gz	COI-US2-6	PCR of COI
SRR13419957	US2-5	DUN-15_S78_L001_R1_001.fastq.gz	554417f880662774f871decab8b69096;15bec13c24624ff9a0967ca72ea5f1d3	ftp.sra.ebi.ac.uk/vol1/fastq/SRR134/057/SRR13419957/SRR13419957_1.fastq.gz;ftp.sra.ebi.ac.uk/vol1/fastq/SRR134/057/SRR13419957/SRR13419957_2.fastq.gz	COI-US2-5	PCR of COI
SRR13419958	DS1-7	B-7_S76_L001_R1_001.fastq.gz	3ac35fc02e1593b946fdfb28feda947d;d9bad9026d034a24f6a040c9ffae7e3b	ftp.sra.ebi.ac.uk/vol1/fastq/SRR134/058/SRR13419958/SRR13419958_1.fastq.gz;ftp.sra.ebi.ac.uk/vol1/fastq/SRR134/058/SRR13419958/SRR13419958_2.fastq.gz	COI-DS1-7	PCR of COI
SRR13419959	Control-Phytophthora-2	C-2_S85_L001_R1_001.fastq.gz	8418082a8702a17558e73a4d2c15aa70;2de2f1df99be4a16a0df26adce23d17e	ftp.sra.ebi.ac.uk/vol1/fastq/SRR134/059/SRR13419959/SRR13419959_1.fastq.gz;ftp.sra.ebi.ac.uk/vol1/fastq/SRR134/059/SRR13419959/SRR13419959_2.fastq.gz	COI-Control-Phytophthora-2	PCR of COI
SRR13419960	Control-Phytophthora-1	C-1_S73_L001_R1_001.fastq.gz	6b7c42972ce23b4abbb8a30fc3f3c96c;72aa119d26d784e77ccc163e5a915fdc	ftp.sra.ebi.ac.uk/vol1/fastq/SRR134/060/SRR13419960/SRR13419960_1.fastq.gz;ftp.sra.ebi.ac.uk/vol1/fastq/SRR134/060/SRR13419960/SRR13419960_2.fastq.gz	COI-Control-Phytophthora-1	PCR of COI
