HQ643082.1	Achlya ambisexualis
HQ643083.1	Achlya ambisexualis
HQ643084.1	Achlya americana
HQ643085.1	Achlya aquatica
HQ643086.1	Achlya bisexualis
HQ643087.1	Achlya bisexualis
HQ643088.1	Achlya bisexualis
HQ643089.1	Achlya caroliniana
HQ643090.1	Achlya colorata
HQ643091.1	Achlya colorata
HQ643092.1	Achlya conspicua
HQ643093.1	Achlya dubia
HQ643094.1	Achlya dubia
HQ643095.1	Achlya flagellata
HQ643096.1	Achlya flagellata
HQ643097.1	Achlya flagellata
HQ643098.1	Achlya glomerata
HQ643099.1	Achlya heterosexualis
HQ643100.1	Achlya heterosexualis
HQ643101.1	Achlya oligacantha
HQ643102.1	Achlya papillosa
HQ643103.1	Achlya racemosa
HQ643104.1	Achlya racemosa
HQ643105.1	Achlya racemosa
HQ643106.1	Achlya radiosa
HQ643107.1	Achlya recurva
HQ643108.1	Achlya sparrowii
HQ643109.1	Achlya spinosa
HQ643110.1	Albugo candida
HQ643111.1	Albugo candida
HQ643112.1	Aphanomyces cladogamus
HQ643113.1	Aphanomyces cladogamus
HQ643114.1	Aphanomyces cladogamus
HQ643115.1	Aphanomyces cochlioides
HQ643116.1	Aphanomyces euteiches
HQ643117.1	Aphanomyces euteiches
HQ643118.1	Aphanomyces euteiches
HQ643119.1	Aphanomyces euteiches
HQ643120.1	Aphanomyces euteiches
HQ643121.1	Aphanomyces iridis
HQ643122.1	Aphanomyces laevis
HQ643123.1	Aphanomyces sp. CBS 583.85
HQ643124.1	Apodachlya brachynema
HQ643125.1	Apodachlya brachynema
HQ643126.1	Apodachlya minima
EF553487.2	Basidiophora entospora
HQ643127.1	Brevilegnia gracilis
HQ643128.1	Brevilegnia macrospora
HQ643129.1	Brevilegnia unisperma var. delica
HQ643130.1	Brevilegnia variabilis
HQ643131.1	Eurychasma dicksonii
HQ643147.1	Halophytophthora avicenniae
HQ643220.1	Halophytophthora epistomium
HQ643132.1	Halophytophthora exoprolifera
HQ643313.1	Halophytophthora polymorphica
AY198250.3	Hyaloperonospora nesliae
AY198253.3	Hyaloperonospora sisymbrii-sophiae
HQ643136.1	Lagenidium caudatum
AY151183.1	Lagenidium giganteum
HQ643138.1	Leptolegnia CAL-2011b
HQ643137.1	Leptolegnia caudata
AY198300.3	Peronospora aparines
AY198298.3	Peronospora calotheca
AY198246.3	Peronospora conglomerata
AY198296.3	Peronospora radii
AY198301.3	Peronospora sherardiae
AY198293.3	Peronospora valerianellae
AY198240.3	Peronospora violae
JX951285.1	Phytophthora acerina
HQ643139.1	Phytophthora aff. botryosa
HQ643140.1	Phytophthora aff. botryosa
HQ261491.1	Phytophthora aff. infestans
HQ261492.1	Phytophthora aff. primulae
HQ261493.1	Phytophthora aff. rosacearum
HQ643141.1	Phytophthora aff. sansomeana
KP295314.1	Phytophthora agathidicida
GU993881.1	Phytophthora alni
HQ261494.1	Phytophthora alni
HQ261495.1	Phytophthora alni
HQ261496.1	Phytophthora alni
HQ261497.1	Phytophthora alni
HQ643142.1	Phytophthora alni
HQ643143.1	Phytophthora alni
AY689131.1	Phytophthora alni subsp. alni
AY689136.1	Phytophthora alni subsp. multiformis
AF139367.1	Phytophthora alni subsp. uniformis
AY689134.1	Phytophthora alni subsp. uniformis
DQ988196.1	Phytophthora alticola
HQ261498.1	Phytophthora alticola
JQ029956.1	Phytophthora amnicola
JQ029958.1	Phytophthora amnicola
AY770741.1	Phytophthora andina
FJ769180.1	Phytophthora andina
HQ643350.1	Phytophthora andina
FJ666127.1	Phytophthora aquimorbida
HQ643146.1	Phytophthora arecae
HQ013215.1	Phytophthora arenaria
HQ013219.1	Phytophthora arenaria
AB538396.1	Phytophthora asiatica
AB688422.1	Phytophthora asiatica
HQ261681.1	Phytophthora asparagi
HQ261682.1	Phytophthora asparagi
HQ261683.1	Phytophthora asparagi
DQ995184.1	Phytophthora austrocedrae
HQ261499.1	Phytophthora austrocedri
HQ261500.1	Phytophthora austrocedri
HQ643148.1	Phytophthora batemanensis
JQ256377.1	Phytophthora bilorbang
AF408625.2	Phytophthora bisheria
DQ302411.1	Phytophthora bisheria
HQ261501.1	Phytophthora bisheria
HQ261502.1	Phytophthora bisheria
HQ261503.1	Phytophthora bisheria
DQ988207.1	Phytophthora boehmeriae
GU993882.1	Phytophthora boehmeriae
HQ261504.1	Phytophthora boehmeriae
HQ261505.1	Phytophthora boehmeriae
HQ261506.1	Phytophthora boehmeriae
HQ643149.1	Phytophthora boehmeriae
JQ626598.1	Phytophthora borealis
AF266784.1	Phytophthora botryosa
GU993883.1	Phytophthora botryosa
HQ261507.1	Phytophthora botryosa
HQ261508.1	Phytophthora botryosa
HQ261509.1	Phytophthora botryosa
HQ261510.1	Phytophthora botryosa
HQ643151.1	Phytophthora botryosa
AF380147.1	Phytophthora brassicae
HQ261511.1	Phytophthora brassicae
HQ261512.1	Phytophthora brassicae
HQ643153.1	Phytophthora brassicae
HQ643154.1	Phytophthora brassicae
HQ643155.1	Phytophthora brassicae
HQ643156.1	Phytophthora brassicae
HQ643157.1	Phytophthora brassicae
HQ643158.1	Phytophthora brassicae
AB217671.1	Phytophthora cactorum
AF266772.1	Phytophthora cactorum
HQ261513.1	Phytophthora cactorum
HQ261514.1	Phytophthora cactorum
HQ643159.1	Phytophthora cactorum
HQ643160.1	Phytophthora cactorum
HQ643161.1	Phytophthora cactorum
HQ643162.1	Phytophthora cactorum
HQ643163.1	Phytophthora cactorum
HQ643164.1	Phytophthora cactorum
HQ643165.1	Phytophthora cactorum
HQ643166.1	Phytophthora cactorum
HQ643167.1	Phytophthora cactorum
HQ643168.1	Phytophthora cactorum
HQ643169.1	Phytophthora cactorum
HQ643170.1	Phytophthora cactorum
AF266765.1	Phytophthora cajani
HQ261515.1	Phytophthora cajani
AF139369.1	Phytophthora cambivora
AF266763.1	Phytophthora cambivora
AY787028.1	Phytophthora cambivora
AY787029.1	Phytophthora cambivora
AY787030.1	Phytophthora cambivora
AY787031.1	Phytophthora cambivora
GU993885.1	Phytophthora cambivora
HQ261516.1	Phytophthora cambivora
HQ643172.1	Phytophthora cambivora
HQ643173.1	Phytophthora cambivora
HQ643174.1	Phytophthora cambivora
HQ643175.1	Phytophthora cambivora
HQ643176.1	Phytophthora cambivora
HQ643177.1	Phytophthora cambivora
HQ643178.1	Phytophthora cambivora
HQ643179.1	Phytophthora cambivora
GU191219.1	Phytophthora capensis
AB217670.1	Phytophthora capsici
AF266787.1	Phytophthora capsici
GU993886.1	Phytophthora capsici
HQ261517.1	Phytophthora capsici
HQ261518.1	Phytophthora capsici
HQ261519.1	Phytophthora capsici
HQ261520.1	Phytophthora capsici
HQ643180.1	Phytophthora capsici
HQ643181.1	Phytophthora capsici
HQ643182.1	Phytophthora capsici
HQ643183.1	Phytophthora capsici
HQ643185.1	Phytophthora capsici
HQ643186.1	Phytophthora capsici
HQ643187.1	Phytophthora capsici
HQ643188.1	Phytophthora capsici
DQ297399.1	Phytophthora captiosa
HQ261521.1	Phytophthora captiosa
HQ261522.1	Phytophthora captiosa
KP295323.1	Phytophthora castaneae
KP295324.1	Phytophthora castaneae
AF541900.1	Phytophthora chlamydospora
AF541901.1	Phytophthora chlamydospora
AB437136.1	Phytophthora chrysanthemi
AB511826.1	Phytophthora chrysanthemi
KC478773.1	Phytophthora cichorii
AB217675.1	Phytophthora cinnamomi
AF266764.1	Phytophthora cinnamomi
GU191210.1	Phytophthora cinnamomi
HQ261523.1	Phytophthora cinnamomi
HQ261524.1	Phytophthora cinnamomi
HQ261525.1	Phytophthora cinnamomi
HQ261526.1	Phytophthora cinnamomi
HQ261527.1	Phytophthora cinnamomi
HQ261528.1	Phytophthora cinnamomi
HQ261529.1	Phytophthora cinnamomi
HQ261530.1	Phytophthora cinnamomi
HQ261531.1	Phytophthora cinnamomi
HQ643189.1	Phytophthora cinnamomi
HQ643190.1	Phytophthora cinnamomi
HQ643191.1	Phytophthora cinnamomi
HQ643192.1	Phytophthora cinnamomi
HQ643193.1	Phytophthora cinnamomi
HQ643194.1	Phytophthora cinnamomi
HQ643195.1	Phytophthora cinnamomi
HQ643196.1	Phytophthora cinnamomi
HQ643197.1	Phytophthora cinnamomi
HQ643198.1	Phytophthora cinnamomi
KC478663.1	Phytophthora cinnamomi
FJ802007.1	Phytophthora cinnamomi var. parvispora
GQ388261.1	Phytophthora cinnamomi var. parvispora
HQ643199.1	Phytophthora cinnamomi var. parvispora
HQ643200.1	Phytophthora cinnamomi var. parvispora
GU993888.1	Phytophthora citricola
HQ261532.1	Phytophthora citricola
HQ261533.1	Phytophthora citricola
HQ261534.1	Phytophthora citricola
HQ643201.1	Phytophthora citricola
HQ643203.1	Phytophthora citricola
HQ643204.1	Phytophthora citricola
AF266788.1	Phytophthora citricola E
GQ303149.1	Phytophthora citricola III
FJ560913.1	Phytophthora citricola sensu stricto
AF266785.1	Phytophthora citrophthora
GU993889.1	Phytophthora citrophthora
HQ261535.1	Phytophthora citrophthora
HQ261536.1	Phytophthora citrophthora
HQ643205.1	Phytophthora citrophthora
HQ643206.1	Phytophthora citrophthora
HQ643207.1	Phytophthora citrophthora
HQ643208.1	Phytophthora citrophthora
AJ131989.1	Phytophthora clandestina
HQ261537.1	Phytophthora clandestina
HQ261538.1	Phytophthora clandestina
KP295306.1	Phytophthora cocois
AF266786.1	Phytophthora colocasiae
HQ261539.1	Phytophthora colocasiae
HQ261540.1	Phytophthora colocasiae
EU301143.1	Phytophthora constricta
HQ013225.1	Phytophthora constricta
AF266796.1	Phytophthora cryptogea
AY659421.1	Phytophthora cryptogea
AY659422.1	Phytophthora cryptogea
AY659426.1	Phytophthora cryptogea
AY659428.1	Phytophthora cryptogea
AY659431.1	Phytophthora cryptogea
AY659434.1	Phytophthora cryptogea
AY659439.1	Phytophthora cryptogea
AY659450.1	Phytophthora cryptogea
GU993890.1	Phytophthora cryptogea
HQ261541.1	Phytophthora cryptogea
HQ261542.1	Phytophthora cryptogea
HQ261543.1	Phytophthora cryptogea
HQ261544.1	Phytophthora cryptogea
HQ261545.1	Phytophthora cryptogea
HQ261546.1	Phytophthora cryptogea
HQ261547.1	Phytophthora cryptogea
HQ261548.1	Phytophthora cryptogea
HQ261549.1	Phytophthora cryptogea
HQ261550.1	Phytophthora cryptogea
HQ643210.1	Phytophthora cryptogea
HQ643211.1	Phytophthora cryptogea
HQ643212.1	Phytophthora cryptogea
HQ643214.1	Phytophthora cryptogea
HQ643215.1	Phytophthora cryptogea
HQ643216.1	Phytophthora cryptogea
HQ643217.1	Phytophthora cryptogea
HQ643218.1	Phytophthora cryptogea
HQ643219.1	Phytophthora cryptogea
KC478761.1	Phytophthora dauci
AF266798.1	Phytophthora drechsleri
AY659435.1	Phytophthora drechsleri
AY659446.1	Phytophthora drechsleri
AY659457.1	Phytophthora drechsleri
AY659458.1	Phytophthora drechsleri
AY659464.1	Phytophthora drechsleri
HQ261551.1	Phytophthora drechsleri
HQ261552.1	Phytophthora drechsleri
HQ261553.1	Phytophthora drechsleri
GQ847755.1	Phytophthora elongata
AF266797.1	Phytophthora erythroseptica
AY659445.1	Phytophthora erythroseptica
AY659449.1	Phytophthora erythroseptica
GU993891.1	Phytophthora erythroseptica
HQ261554.1	Phytophthora erythroseptica
HQ261555.1	Phytophthora erythroseptica
HQ643221.1	Phytophthora erythroseptica
HQ643222.1	Phytophthora erythroseptica
HQ643224.1	Phytophthora erythroseptica
HQ643225.1	Phytophthora erythroseptica
HQ643226.1	Phytophthora erythroseptica
HQ643227.1	Phytophthora erythroseptica
HQ643228.1	Phytophthora erythroseptica
AF449491.1	Phytophthora europaea
HQ261556.1	Phytophthora europaea
HQ643229.1	Phytophthora europaea
DQ297392.1	Phytophthora fallax
DQ297398.1	Phytophthora fallax
HQ261557.1	Phytophthora fallax
HQ261558.1	Phytophthora fallax
HQ261559.1	Phytophthora fallax
EU593261.2	Phytophthora fluvialis
JF701435.1	Phytophthora fluvialis
JF701436.1	Phytophthora fluvialis
EF120469.1	Phytophthora foliorum
HQ261560.1	Phytophthora foliorum
HQ261561.1	Phytophthora foliorum
AB305065.1	Phytophthora fragaefolia
AF266762.1	Phytophthora fragariae
HQ261562.1	Phytophthora fragariae
HQ261563.1	Phytophthora fragariae
HQ261564.1	Phytophthora fragariae
HQ261565.1	Phytophthora fragariae
HQ643230.1	Phytophthora fragariae
HQ643231.1	Phytophthora fragariae
DQ988177.1	Phytophthora frigida
HQ261566.1	Phytophthora frigida
HQ261567.1	Phytophthora frigida
HQ261568.1	Phytophthora frigida
HQ261569.1	Phytophthora frigida
DQ286726.1	Phytophthora gallica
FJ217679.1	Phytophthora gemini
FJ217680.1	Phytophthora gemini
HQ012933.1	Phytophthora gibbosa
HQ012936.1	Phytophthora gibbosa
AF279127.2	Phytophthora glovera
AF279128.2	Phytophthora glovera
AF541887.1	Phytophthora gonapodyides
AF541888.1	Phytophthora gonapodyides
AF541891.1	Phytophthora gonapodyides
AF541892.1	Phytophthora gonapodyides
AY787025.1	Phytophthora gonapodyides
GU993893.1	Phytophthora gonapodyides
HQ261570.1	Phytophthora gonapodyides
HQ643232.1	Phytophthora gonapodyides
HQ643233.1	Phytophthora gonapodyides
HQ643235.1	Phytophthora gonapodyides
HQ643236.1	Phytophthora gonapodyides
AF541903.1	Phytophthora gregata
AF541904.1	Phytophthora gregata
EU301171.2	Phytophthora gregata
EU301173.2	Phytophthora gregata
HQ012938.1	Phytophthora gregata
HQ012942.1	Phytophthora gregata
AY707987.1	Phytophthora hedraiandra
HQ261571.1	Phytophthora hedraiandra
HQ643237.1	Phytophthora hedraiandra
AF266770.1	Phytophthora heveae
GU993894.1	Phytophthora heveae
HQ261572.1	Phytophthora heveae
HQ261573.1	Phytophthora heveae
HQ261574.1	Phytophthora heveae
HQ261575.1	Phytophthora heveae
HQ643238.1	Phytophthora heveae
KP295301.1	Phytophthora heveae
AY369370.1	Phytophthora hibernalis
AY369375.1	Phytophthora hibernalis
HQ261576.1	Phytophthora hibernalis
HQ643240.1	Phytophthora hibernalis
HQ643241.1	Phytophthora hibernalis
HQ643242.1	Phytophthora himalayensis
HM752784.1	Phytophthora himalsilva
AF266792.2	Phytophthora humicola
HQ261577.1	Phytophthora humicola
HQ261578.1	Phytophthora humicola
HQ643243.1	Phytophthora humicola
HQ643244.1	Phytophthora humicola
HQ643245.1	Phytophthora humicola
KC249960.1	Phytophthora hydrogena
EU583793.1	Phytophthora hydropathica
AF266773.1	Phytophthora idaei
HQ261579.1	Phytophthora idaei
HQ643246.1	Phytophthora idaei
AJ131990.1	Phytophthora ilicis
HQ261580.1	Phytophthora ilicis
HQ261581.1	Phytophthora ilicis
HQ261582.1	Phytophthora ilicis
HQ261583.1	Phytophthora ilicis
AF266779.1	Phytophthora infestans
HQ261584.1	Phytophthora infestans
HQ261585.1	Phytophthora infestans
HQ261586.1	Phytophthora infestans
HQ261587.1	Phytophthora infestans
HQ261588.1	Phytophthora infestans
HQ261589.1	Phytophthora infestans
HQ643247.1	Phytophthora infestans
GU993896.1	Phytophthora inflata
AF271222.1	Phytophthora insolita
GU993897.1	Phytophthora insolita
HQ261590.1	Phytophthora insolita
HQ261591.1	Phytophthora insolita
AF541912.1	Phytophthora inundata
HQ261592.1	Phytophthora inundata
HQ261593.1	Phytophthora inundata
HQ261594.1	Phytophthora inundata
HQ643250.1	Phytophthora inundata
HQ643251.1	Phytophthora inundata
HQ643252.1	Phytophthora inundata
AY770742.1	Phytophthora ipomoeae
HQ261595.1	Phytophthora ipomoeae
HQ261596.1	Phytophthora ipomoeae
HQ261597.1	Phytophthora ipomoeae
HQ643253.1	Phytophthora ipomoeae
AJ131987.1	Phytophthora iranica
HQ261598.1	Phytophthora iranica
HQ643254.1	Phytophthora iranica
EU595771.1	Phytophthora irrigata
AF266771.1	Phytophthora katsurae
GU993899.1	Phytophthora katsurae
HQ261599.1	Phytophthora katsurae
HQ261600.1	Phytophthora katsurae
HQ261601.1	Phytophthora katsurae
HQ643255.1	Phytophthora katsurae
AY940661.1	Phytophthora kernoviae
GU993900.1	Phytophthora kernoviae
HQ261602.1	Phytophthora kernoviae
HQ261603.1	Phytophthora kernoviae
HQ261604.1	Phytophthora kernoviae
HQ643258.1	Phytophthora kernoviae
HQ643259.1	Phytophthora kernoviae
HQ643260.1	Phytophthora kernoviae
HQ643261.1	Phytophthora kernoviae
KC478768.1	Phytophthora lactucae
AF266793.2	Phytophthora lacustris
AF266804.1	Phytophthora lateralis
GU993901.1	Phytophthora lateralis
HQ643263.1	Phytophthora lateralis
HQ643264.1	Phytophthora litchii
HQ643265.1	Phytophthora litchii
HQ643266.1	Phytophthora litchii
JQ814693.1	Phytophthora litchii
HQ012946.1	Phytophthora litoralis
HQ012947.1	Phytophthora litoralis
HQ012948.1	Phytophthora litoralis
KF192701.1	Phytophthora macilentosa
GU993902.1	Phytophthora macrochlamydospora
HQ261605.1	Phytophthora macrochlamydospora
HQ261606.1	Phytophthora macrochlamydospora
L41373.1	Phytophthora macrochlamydospora
AY251649.1	Phytophthora meadii
GU993903.1	Phytophthora meadii
HQ261607.1	Phytophthora meadii
HQ643268.1	Phytophthora meadii
AF266799.1	Phytophthora medicaginis
HQ261608.1	Phytophthora medicaginis
HQ643270.1	Phytophthora medicaginis
HQ643271.1	Phytophthora medicaginis
HQ643272.1	Phytophthora medicaginis
HQ643273.1	Phytophthora medicaginis
AF266782.1	Phytophthora megakarya
GU993904.1	Phytophthora megakarya
HQ261609.1	Phytophthora megakarya
HQ261610.1	Phytophthora megakarya
HQ261611.1	Phytophthora megakarya
AF266794.1	Phytophthora megasperma
AF541893.1	Phytophthora megasperma
AF541895.1	Phytophthora megasperma
AF541896.1	Phytophthora megasperma
AF541898.1	Phytophthora megasperma
GU993905.1	Phytophthora megasperma
HQ261612.1	Phytophthora megasperma
HQ261613.1	Phytophthora megasperma
HQ261614.1	Phytophthora megasperma
HQ261615.1	Phytophthora megasperma
HQ643275.1	Phytophthora megasperma
HQ643277.1	Phytophthora megasperma
HQ643278.1	Phytophthora megasperma
HQ643279.1	Phytophthora megasperma
HQ643280.1	Phytophthora megasperma
HQ643281.1	Phytophthora megasperma
HQ643282.1	Phytophthora megasperma
AF266767.1	Phytophthora melonis
GU993906.1	Phytophthora melonis
HQ261616.1	Phytophthora melonis
HQ261617.1	Phytophthora melonis
HQ643283.1	Phytophthora melonis
EU748545.1	Phytophthora mengei
HQ261618.1	Phytophthora mengei
HQ261619.1	Phytophthora mengei
HQ261620.1	Phytophthora mexicana
AF266777.1	Phytophthora mirabilis
GU993907.1	Phytophthora mirabilis
HQ261621.1	Phytophthora mirabilis
HQ261622.1	Phytophthora mirabilis
HQ261623.1	Phytophthora mirabilis
HQ643285.1	Phytophthora mirabilis
HQ643287.1	Phytophthora mirabilis
KF112851.1	Phytophthora mississippiae
KF112853.1	Phytophthora mississippiae
FJ469147.1	Phytophthora morindae
AF266790.1	Phytophthora multivesiculata
GU993908.1	Phytophthora multivesiculata
HQ261624.1	Phytophthora multivesiculata
HQ643288.1	Phytophthora multivesiculata
FJ237515.2	Phytophthora multivora
FJ237521.2	Phytophthora multivora
HQ261625.1	Phytophthora multivora
HQ261626.1	Phytophthora multivora
HQ643290.1	Phytophthora multivora
HQ643291.1	Phytophthora multivora
HQ643292.1	Phytophthora multivora
HQ643293.1	Phytophthora multivora
AB688355.1	Phytophthora nagaii
AY332654.1	Phytophthora nemorosa
HQ261627.1	Phytophthora nemorosa
HQ261628.1	Phytophthora nemorosa
HQ643294.1	Phytophthora nemorosa
HQ643295.1	Phytophthora nemorosa
HQ643296.1	Phytophthora nemorosa
HQ643297.1	Phytophthora nemorosa
HQ643298.1	Phytophthora nemorosa
AB217682.1	Phytophthora nicotianae
AF266776.1	Phytophthora nicotianae
GU993910.1	Phytophthora nicotianae
HQ261629.1	Phytophthora nicotianae
HQ261630.1	Phytophthora nicotianae
HQ261631.1	Phytophthora nicotianae
HQ261632.1	Phytophthora nicotianae
HQ643299.1	Phytophthora nicotianae
HQ643300.1	Phytophthora nicotianae
HQ643301.1	Phytophthora nicotianae
HQ643302.1	Phytophthora nicotianae
HQ643303.1	Phytophthora nicotianae
GU119914.1	Phytophthora niederhauserii
HQ917909.1	Phytophthora obscura
HQ917911.1	Phytophthora obscura
JX978155.1	Phytophthora occultans
KC855330.1	Phytophthora pachypleura
AF266780.1	Phytophthora palmivora
HQ261633.1	Phytophthora palmivora
HQ261634.1	Phytophthora palmivora
HQ261635.1	Phytophthora palmivora
HQ261636.1	Phytophthora palmivora
HQ643305.1	Phytophthora palmivora
HQ643306.1	Phytophthora palmivora
HQ643307.1	Phytophthora palmivora
HQ643308.1	Phytophthora palmivora
AY659736.1	Phytophthora parsiana
AY659737.1	Phytophthora parsiana
AY659738.1	Phytophthora parsiana
AY659739.1	Phytophthora parsiana
AY659740.1	Phytophthora parsiana
AY659741.1	Phytophthora parsiana
HQ261637.1	Phytophthora parsiana
HQ261638.1	Phytophthora parsiana
HQ261639.1	Phytophthora parsiana
AF266778.1	Phytophthora phaseoli
HQ261640.1	Phytophthora phaseoli
HQ261641.1	Phytophthora phaseoli
HQ261642.1	Phytophthora phaseoli
HQ643309.1	Phytophthora phaseoli
GQ324989.1	Phytophthora pini
HQ643310.1	Phytophthora pini
EU725805.1	Phytophthora pinifolia
EU725806.1	Phytophthora pinifolia
HQ261643.1	Phytophthora pinifolia
HQ894391.1	Phytophthora pisi
HQ894394.1	Phytophthora pisi
HQ894395.1	Phytophthora pisi
HQ894399.1	Phytophthora pisi
AF403506.1	Phytophthora pistaciae
HQ261644.1	Phytophthora pistaciae
HQ261645.1	Phytophthora pistaciae
AF266789.1	Phytophthora plurivora
AJ007370.1	Phytophthora plurivora
FJ665225.1	Phytophthora plurivora
FJ665227.1	Phytophthora plurivora
HQ643311.1	Phytophthora plurivora
HQ643312.1	Phytophthora plurivora
KC529657.1	Phytophthora pluvialis
DQ396409.1	Phytophthora polonica
DQ396417.1	Phytophthora polonica
DQ396422.1	Phytophthora polonica
HQ261646.1	Phytophthora polonica
HQ261647.1	Phytophthora polonica
JX276017.1	Phytophthora polonica
AF380150.1	Phytophthora porri
HQ261648.1	Phytophthora porri
HQ261649.1	Phytophthora porri
HQ643314.1	Phytophthora porri
HQ643315.1	Phytophthora porri
HQ643316.1	Phytophthora porri
HQ643317.1	Phytophthora porri
HQ643318.1	Phytophthora porri
HQ643319.1	Phytophthora porri
HQ643320.1	Phytophthora porri
AF266802.1	Phytophthora primulae
HQ261650.1	Phytophthora primulae
HQ261651.1	Phytophthora primulae
HQ643321.1	Phytophthora primulae
HQ643322.1	Phytophthora primulae
HQ643323.1	Phytophthora primulae
HQ643324.1	Phytophthora primulae
AB894384.1	Phytophthora pseudolactucae
AB894385.1	Phytophthora pseudolactucae
AY230190.1	Phytophthora pseudosyringae
AY242980.1	Phytophthora pseudosyringae
GU993912.1	Phytophthora pseudosyringae
HQ261652.1	Phytophthora pseudosyringae
HQ261653.1	Phytophthora pseudosyringae
HQ643326.1	Phytophthora pseudosyringae
HQ643327.1	Phytophthora pseudosyringae
HQ643328.1	Phytophthora pseudosyringae
HQ643329.1	Phytophthora pseudosyringae
AF266774.1	Phytophthora pseudotsugae
GU993913.1	Phytophthora pseudotsugae
HQ261654.1	Phytophthora pseudotsugae
HQ261655.1	Phytophthora pseudotsugae
HQ643330.1	Phytophthora pseudotsugae
HQ643331.1	Phytophthora pseudotsugae
HQ643332.1	Phytophthora pseudotsugae
AF449494.1	Phytophthora psychrophila
HQ261656.1	Phytophthora psychrophila
DQ313223.1	Phytophthora quercetorum
HQ261657.1	Phytophthora quercetorum
AJ131986.1	Phytophthora quercina
HQ261658.1	Phytophthora quercina
HQ261659.1	Phytophthora quercina
HQ643334.1	Phytophthora quercina
HQ643335.1	Phytophthora quercina
HQ643336.1	Phytophthora quercina
HQ643337.1	Phytophthora quercina
HQ261660.1	Phytophthora quininea
HQ261661.1	Phytophthora quininea
HQ643338.1	Phytophthora quininea
AY369368.1	Phytophthora ramorum
HQ261662.1	Phytophthora ramorum
HQ261663.1	Phytophthora ramorum
HQ643339.1	Phytophthora ramorum
AF271221.1	Phytophthora richardiae
JQ626594.1	Phytophthora riparia
JQ626600.1	Phytophthora riparia
JQ626602.1	Phytophthora riparia
AF541911.1	Phytophthora rosacearum
HQ261664.1	Phytophthora rosacearum
AF266761.1	Phytophthora rubi
HQ261665.1	Phytophthora rubi
HQ261666.1	Phytophthora rubi
HQ643340.1	Phytophthora rubi
HQ643341.1	Phytophthora rubi
HQ261667.1	Phytophthora sansomea
HQ261668.1	Phytophthora sansomea
HQ261669.1	Phytophthora sansomea
HQ643342.1	Phytophthora sansomea
HQ643343.1	Phytophthora sansomea
EU925375.1	Phytophthora sansomeana
AF266768.1	Phytophthora sinensis
HQ261670.1	Phytophthora sinensis
HQ261671.1	Phytophthora sinensis
HQ643344.1	Phytophthora sinensis
EF490682.1	Phytophthora siskiyouensis
HQ261672.1	Phytophthora siskiyouensis
HQ261673.1	Phytophthora siskiyouensis
HQ261674.1	Phytophthora siskiyouensis
HQ643345.1	Phytophthora siskiyouensis
HQ643346.1	Phytophthora siskiyouensis
AB217684.1	Phytophthora sojae
AF266769.1	Phytophthora sojae
HQ261675.1	Phytophthora sojae
HQ261676.1	Phytophthora sojae
HQ261677.1	Phytophthora sojae
HQ261678.1	Phytophthora sojae
HQ261679.1	Phytophthora sojae
HQ643347.1	Phytophthora sojae
HQ643348.1	Phytophthora sojae
HQ643349.1	Phytophthora sojae
HQ261691.1	Phytophthora sp. 'kelmania'
HQ261692.1	Phytophthora sp. 'kelmania'
HQ643351.1	Phytophthora sp. 'kelmania'
EF590256.1	Phytophthora sp. 'lagoariana'
HQ261694.1	Phytophthora sp. 'lagoariana'
HQ261695.1	Phytophthora sp. 'lagoariana'
HQ261710.1	Phytophthora sp. 'ohioensis'
EU301169.2	Phytophthora sp. 'personii'
HQ261680.1	Phytophthora sp. AL-2010a
HQ261704.1	Phytophthora sp. AL-2010b
HQ261705.1	Phytophthora sp. AL-2010b
HQ261706.1	Phytophthora sp. AL-2010b
HQ261707.1	Phytophthora sp. AL-2010b
HQ261708.1	Phytophthora sp. AL-2010b
HQ261693.1	Phytophthora sp. AL-2010c
HQ261684.1	Phytophthora sp. AL-2010d
HQ261709.1	Phytophthora sp. AL-2010e
HQ261699.1	Phytophthora sp. BL-2009a
HQ261700.1	Phytophthora sp. BL-2009a
HQ261701.1	Phytophthora sp. BL-2009a
HQ261702.1	Phytophthora sp. BL-2009a
HQ261703.1	Phytophthora sp. BL-2009a
HQ643352.1	Phytophthora sp. CAL-2011b
HQ643353.1	Phytophthora sp. CAL-2011b
HQ643354.1	Phytophthora sp. CAL-2011b
HQ643355.1	Phytophthora sp. CAL-2011b
EF564803.1	Phytophthora sp. cuyabensis
HQ261685.1	Phytophthora sp. cuyabensis
HQ261686.1	Phytophthora sp. cuyabensis
HQ261687.1	Phytophthora sp. cuyabensis
HQ261688.1	Phytophthora sp. cuyabensis
GU191228.1	Phytophthora sp. emzansi/CCB-2010
HQ261689.1	Phytophthora sp. glovera
HQ261690.1	Phytophthora sp. glovera
EF437222.1	Phytophthora sp. Kunnunara
EF680320.1	Phytophthora sp. napoensis
HQ261696.1	Phytophthora sp. napoensis
HQ261697.1	Phytophthora sp. napoensis
HQ261698.1	Phytophthora sp. napoensis
EU035774.1	Phytophthora sp. novaeguinee
KC478759.1	Phytophthora sp. taxon castitis
HQ261712.1	Phytophthora sp. thermophilum
HQ261713.1	Phytophthora sp. thermophilum
EU164426.1	Phytophthora sp. zentmyerii
KF192695.1	Phytophthora stricta
EF590257.1	Phytophthora sulawesiensis
HQ261711.1	Phytophthora sulawesiensis
AF266803.1	Phytophthora syringae
AY787032.1	Phytophthora syringae
AY787033.1	Phytophthora syringae
AY787034.1	Phytophthora syringae
HQ261714.1	Phytophthora syringae
HQ261715.1	Phytophthora syringae
HQ261716.1	Phytophthora syringae
HQ643356.1	Phytophthora syringae
HQ643357.1	Phytophthora syringae
HQ643358.1	Phytophthora syringae
HQ643359.1	Phytophthora syringae
HQ643360.1	Phytophthora syringae
HQ643361.1	Phytophthora syringae
HQ643362.1	Phytophthora syringae
HQ917913.1	Phytophthora syringae
HQ917914.1	Phytophthora syringae
HQ643363.1	Phytophthora tabaci
FJ666126.1	Phytophthora taxon aquatilis
AF266795.1	Phytophthora taxon asparagi
AF541908.1	Phytophthora taxon forestsoil
EU240038.1	Phytophthora taxon Oaksoil
HQ012953.1	Phytophthora taxon paludosa
AF541905.1	Phytophthora taxon raspberry
AF541910.1	Phytophthora taxon walnut
AF266775.1	Phytophthora tentaculata
HQ261717.1	Phytophthora tentaculata
HQ261718.1	Phytophthora tentaculata
HQ643364.1	Phytophthora tentaculata
HQ643365.1	Phytophthora tentaculata
HQ643366.1	Phytophthora tentaculata
HQ643367.1	Phytophthora tentaculata
JX978167.1	Phytophthora terminalis
EU301155.2	Phytophthora thermophila
EU301158.2	Phytophthora thermophila
HQ012950.1	Phytophthora thermophila
AF266800.1	Phytophthora trifolii
HQ261719.1	Phytophthora trifolii
HQ643368.1	Phytophthora trifolii
AY208125.1	Phytophthora tropicalis
GU993915.1	Phytophthora tropicalis
HQ261720.1	Phytophthora tropicalis
HQ643369.1	Phytophthora tropicalis
AF449495.1	Phytophthora uliginosa
HQ261721.1	Phytophthora uliginosa
HQ261722.1	Phytophthora uliginosa
AB217687.1	Phytophthora vignae
AF266766.1	Phytophthora vignae
HQ261723.1	Phytophthora vignae
HQ261724.1	Phytophthora vignae
KC295542.1	Phytophthora virginiana
HQ643371.1	Phytopythium aff. vexans
HQ643372.1	Phytopythium boreale
HQ643373.2	Phytopythium carbonicum
HQ643374.1	Phytopythium chamaehyphon
HQ643375.2	Phytopythium citrinum
HQ643376.1	Phytopythium citrinum
HQ643377.1	Phytopythium citrinum
HQ643378.1	Phytopythium citrinum
HQ643379.1	Phytopythium citrinum
HQ643380.1	Phytopythium citrinum
HQ643381.1	Phytopythium cucurbitacearum
HQ643382.1	Phytopythium helicoides
HQ643383.1	Phytopythium helicoides
HQ643384.1	Phytopythium helicoides
HQ643133.1	Phytopythium kandeliae
HQ643134.1	Phytopythium kandeliae
HQ643385.1	Phytopythium litorale
HQ643386.2	Phytopythium litorale
HQ643387.1	Phytopythium litorale
HQ643673.1	Phytopythium litorale
HQ643674.1	Phytopythium litorale
HQ643675.1	Phytopythium litorale
HQ643676.1	Phytopythium litorale
HQ643677.1	Phytopythium litorale
HQ643388.2	Phytopythium megacarpum
HQ643389.2	Phytopythium montanum
HQ643390.1	Phytopythium montanum
HQ643391.1	Phytopythium montanum
HQ643392.1	Phytopythium oedochilum
HQ643393.1	Phytopythium oedochilum
HQ643394.1	Phytopythium oedochilum
HQ643395.1	Phytopythium ostracodes
HQ643396.2	Phytopythium sindhum
HQ261730.1	Phytopythium sp. AL-2010
HQ643401.1	Phytopythium sp. AL-2010
HQ261725.1	Phytopythium sp. amazonianum
HQ261726.1	Phytopythium sp. amazonianum
HQ261727.1	Phytopythium sp. amazonianum
HQ261728.1	Phytopythium sp. amazonianum
HQ261729.1	Phytopythium sp. amazonianum
HQ643397.1	Phytopythium sp. CAL-2011b
HQ643398.1	Phytopythium sp. CAL-2011b
HQ643399.1	Phytopythium sp. CAL-2011b
AF271224.1	Phytopythium vexans
HQ643400.2	Phytopythium vexans
HQ643954.1	Phytopythium vexans
HQ643955.1	Phytopythium vexans
EF553509.1	Plasmopara euphrasiae
HM004513.1	Plasmopara nivea
HM004512.1	Plasmopara pusilla
HM004511.1	Plasmoverna anemones-ranunculoides
HQ643402.1	Plectospira myriandra
HQ643403.1	Protoachlya paradoxa
HQ643404.1	Protoachlya paradoxa
AY198306.3	Pseudoperonospora cubensis
HQ643405.1	Pythiogeton zeae
HQ643406.1	Pythiopsis terrestris
HQ643407.1	Pythiopsis terrestris
HQ643408.2	Pythium abappressorium
HQ643409.1	Pythium acanthicum
HQ643410.1	Pythium acanthicum
HQ643411.1	Pythium acanthicum
HQ643412.1	Pythium acanthicum
HQ643413.1	Pythium acanthophoron
HQ643414.1	Pythium acrogynum
HQ643415.1	Pythium adhaerens
HQ643416.1	Pythium afertile
HQ643417.1	Pythium aff. diclinum
HQ643418.1	Pythium aff. dictyosporum
HQ643419.1	Pythium aff. dictyosporum
HQ643420.1	Pythium aff. dissotocum
HQ643421.1	Pythium aff. dissotocum
HQ643422.1	Pythium aff. dissotocum
HQ643423.1	Pythium aff. dissotocum
HQ643424.1	Pythium aff. hydnosporum
HQ643425.1	Pythium aff. hypogynum
HQ643786.1	Pythium aff. iwayamai
HQ643426.1	Pythium aff. periilum
HQ643427.1	Pythium aff. perplexum
HQ643428.1	Pythium aff. pleroticum
HQ643429.1	Pythium aff. polymastum
HQ643430.1	Pythium aff. torulosum
HQ643431.1	Pythium aff. torulosum
HQ643432.1	Pythium aff. torulosum
HQ643433.1	Pythium aff. volutum
HQ643434.1	Pythium amasculinum
HQ643435.1	Pythium anandrum
HQ643436.1	Pythium anandrum
HQ643437.1	Pythium angustatum
AF271227.1	Pythium aphanidermatum
HQ643438.1	Pythium aphanidermatum
HQ643439.1	Pythium aphanidermatum
HQ643440.1	Pythium aphanidermatum
HQ643441.1	Pythium aphanidermatum
HQ643442.1	Pythium aphanidermatum
HQ643443.2	Pythium apiculatum
HQ643444.1	Pythium apleroticum
HQ643445.1	Pythium aquatile
HQ643446.1	Pythium aquatile
HQ643447.1	Pythium aristosporum
HQ643448.1	Pythium aristosporum
HQ643449.1	Pythium arrhenomanes
HQ643450.1	Pythium arrhenomanes
HQ643451.1	Pythium arrhenomanes
HQ643452.1	Pythium arrhenomanes
HQ643453.1	Pythium arrhenomanes
HQ643454.1	Pythium arrhenomanes
HQ643455.1	Pythium arrhenomanes
HQ643456.1	Pythium arrhenomanes
HQ643457.1	Pythium arrhenomanes
HQ643458.1	Pythium arrhenomanes
HQ643459.1	Pythium arrhenomanes
HQ643460.1	Pythium arrhenomanes
HQ643461.1	Pythium arrhenomanes
HQ643462.1	Pythium arrhenomanes
HQ643463.1	Pythium arrhenomanes
HQ643464.1	Pythium arrhenomanes
HQ643465.1	Pythium arrhenomanes
HQ643466.1	Pythium arrhenomanes
HQ643467.1	Pythium arrhenomanes
HQ643468.1	Pythium arrhenomanes
HQ643469.1	Pythium arrhenomanes
HQ643470.1	Pythium arrhenomanes
HQ643471.1	Pythium arrhenomanes
HQ643472.1	Pythium arrhenomanes
HQ643473.1	Pythium attrantheridium
HQ643474.1	Pythium attrantheridium
HQ643475.1	Pythium attrantheridium
HQ643476.2	Pythium attrantheridium
HQ643477.1	Pythium attrantheridium
HQ643479.1	Pythium buismaniae
GQ244426.2	Pythium camurandrum
HQ643481.1	Pythium camurandrum
HQ643482.1	Pythium canariense
HQ643483.1	Pythium capillosum
HQ261731.1	Pythium carolinianum
HQ643484.1	Pythium carolinianum
HQ643485.1	Pythium carolinianum
HQ643486.1	Pythium carolinianum
HQ643487.1	Pythium carolinianum
HQ643488.1	Pythium carolinianum
HQ643489.1	Pythium catenulatum
HQ643490.1	Pythium catenulatum
HQ643491.1	Pythium catenulatum
HQ643492.1	Pythium catenulatum
HQ643493.1	Pythium catenulatum
HQ643494.1	Pythium catenulatum
HQ643495.1	Pythium cf. dictyosporum
HQ643496.1	Pythium chondricola
HQ643497.1	Pythium chondricola
HQ643498.1	Pythium chondricola
HQ643499.1	Pythium chondricola
HQ643500.1	Pythium coloratum
HQ643501.1	Pythium coloratum
HQ643502.1	Pythium coloratum
HQ643503.1	Pythium coloratum
HQ643504.1	Pythium coloratum
HQ643505.1	Pythium coloratum
HQ643506.1	Pythium coloratum
HQ643507.1	Pythium coloratum
HQ643508.1	Pythium conidiophorum
HQ643509.1	Pythium conidiophorum
HQ643510.1	Pythium conidiophorum
HQ643511.1	Pythium conidiophorum
HQ643512.1	Pythium conidiophorum
HQ643513.1	Pythium conidiophorum
HQ643514.1	Pythium contiguanum
HQ643515.2	Pythium cryptoirregulare
HQ643516.1	Pythium cylindrosporum
HQ643517.1	Pythium cylindrosporum
HQ643518.2	Pythium cystogenes
HQ643519.1	Pythium debaryanum
HQ643520.1	Pythium deliense
HQ643521.1	Pythium deliense
HQ643522.1	Pythium deliense
HQ643523.1	Pythium diclinum
HQ643524.1	Pythium diclinum
HQ643525.1	Pythium dimorphum
HQ643526.1	Pythium dissimile
HQ643527.1	Pythium dissimile
AF271228.1	Pythium dissotocum
HQ643528.1	Pythium dissotocum
HQ643529.1	Pythium dissotocum
HQ643530.1	Pythium dissotocum
HQ643531.1	Pythium echinulatum
GQ244427.2	Pythium emineosum
GQ244428.2	Pythium emineosum
HQ643534.1	Pythium erinaceum
HQ643535.1	Pythium erinaceum
HQ643536.1	Pythium flevoense
HQ643537.1	Pythium flevoense
HQ643538.1	Pythium flevoense
HQ643539.1	Pythium flevoense
HQ643540.1	Pythium folliculosum
HQ643541.1	Pythium glomeratum
HQ643542.1	Pythium glomeratum
HQ643543.2	Pythium glomeratum
HQ643544.1	Pythium glomeratum
AF271229.1	Pythium graminicola
HQ643545.1	Pythium graminicola
HQ643546.1	Pythium grandisporangium
HQ643547.1	Pythium helicandrum
HQ643548.1	Pythium helicandrum
HQ643549.1	Pythium helicandrum
HQ643550.1	Pythium helicandrum
HQ643551.1	Pythium heterothallicum
HQ643552.1	Pythium heterothallicum
HQ643553.1	Pythium heterothallicum
HQ643554.1	Pythium heterothallicum
HQ643555.1	Pythium heterothallicum
HQ643556.1	Pythium heterothallicum
HQ643557.1	Pythium heterothallicum
HQ643558.1	Pythium heterothallicum
HQ643559.1	Pythium heterothallicum
HQ643560.1	Pythium heterothallicum
HQ643561.1	Pythium heterothallicum
HQ643562.1	Pythium heterothallicum
HQ643563.1	Pythium heterothallicum
HQ643564.1	Pythium hydnosporum
HQ643565.1	Pythium hypogynum
HQ643566.1	Pythium inflatum
HQ643567.1	Pythium insidiosum
HQ643568.1	Pythium insidiosum
HQ643569.1	Pythium insidiosum
HQ643570.1	Pythium insidiosum
HQ643571.1	Pythium intermedium
HQ643572.1	Pythium intermedium
HQ643573.1	Pythium intermedium
HQ643574.1	Pythium intermedium
HQ643575.1	Pythium intermedium
HQ643576.1	Pythium intermedium
HQ643577.1	Pythium intermedium
HQ643578.1	Pythium intermedium
HQ643579.1	Pythium intermedium
AF271226.1	Pythium irregulare
HQ643580.1	Pythium irregulare
HQ643581.1	Pythium irregulare
HQ643582.1	Pythium irregulare
HQ643583.1	Pythium irregulare
HQ643584.1	Pythium irregulare
HQ643585.1	Pythium irregulare
HQ643586.1	Pythium irregulare
HQ643587.1	Pythium irregulare
HQ643588.1	Pythium irregulare
HQ643589.1	Pythium irregulare
HQ643590.1	Pythium irregulare
HQ643591.1	Pythium irregulare
HQ643592.1	Pythium irregulare
HQ643593.1	Pythium irregulare
HQ643594.1	Pythium irregulare
HQ643595.1	Pythium irregulare
HQ643596.1	Pythium irregulare
HQ643597.1	Pythium irregulare
HQ643598.1	Pythium irregulare
HQ643599.1	Pythium irregulare
HQ643600.1	Pythium irregulare
HQ643601.1	Pythium irregulare
HQ643602.1	Pythium irregulare
HQ643603.1	Pythium irregulare
HQ643604.1	Pythium irregulare
HQ643605.1	Pythium irregulare
HQ643606.1	Pythium irregulare
HQ643607.1	Pythium irregulare
HQ643608.1	Pythium irregulare
HQ643609.1	Pythium irregulare
HQ643610.1	Pythium irregulare
HQ643611.1	Pythium irregulare
HQ643612.1	Pythium irregulare
HQ643613.1	Pythium irregulare
HQ643614.1	Pythium irregulare
HQ643615.1	Pythium irregulare
HQ643616.1	Pythium irregulare
HQ643617.1	Pythium irregulare
HQ643618.1	Pythium irregulare
HQ643619.1	Pythium irregulare
HQ643620.1	Pythium irregulare
HQ643621.1	Pythium irregulare
HQ643622.1	Pythium irregulare
HQ643623.1	Pythium irregulare
HQ643624.1	Pythium irregulare
HQ643625.1	Pythium irregulare
HQ643626.1	Pythium irregulare
HQ643627.1	Pythium irregulare
HQ643628.1	Pythium irregulare
HQ643629.1	Pythium irregulare
HQ643630.1	Pythium irregulare
HQ643631.1	Pythium irregulare
HQ643632.1	Pythium irregulare
HQ643633.1	Pythium irregulare
HQ643634.1	Pythium irregulare
HQ643635.1	Pythium irregulare
HQ643636.1	Pythium irregulare
HQ643637.1	Pythium irregulare
HQ643638.1	Pythium irregulare
HQ643639.1	Pythium irregulare
HQ643640.1	Pythium irregulare
HQ643641.1	Pythium irregulare
HQ643642.1	Pythium irregulare
HQ643643.1	Pythium irregulare
HQ643644.1	Pythium irregulare
HQ643645.1	Pythium irregulare
HQ643646.1	Pythium irregulare
HQ643647.1	Pythium irregulare
HQ643648.1	Pythium irregulare
HQ643649.1	Pythium irregulare
HQ643650.1	Pythium irregulare
HQ643651.1	Pythium irregulare
HQ643652.1	Pythium irregulare
HQ643653.1	Pythium irregulare
HQ643654.1	Pythium irregulare
HQ643655.1	Pythium irregulare
HQ643656.1	Pythium irregulare
HQ643657.1	Pythium irregulare
HQ643658.1	Pythium irregulare
HQ643659.1	Pythium irregulare
HQ643660.1	Pythium irregulare
HQ643661.1	Pythium irregulare
HQ643662.1	Pythium irregulare
HQ643663.1	Pythium irregulare
HQ643664.1	Pythium irregulare
HQ643665.1	Pythium irregulare
HQ643666.1	Pythium irregulare
HQ643667.1	Pythium irregulare
HQ643668.1	Pythium irregulare
HQ643669.1	Pythium iwayamai
HQ643670.1	Pythium jasmonium
HQ643671.2	Pythium kashmirense
HQ643672.1	Pythium kunmingense
HQ643678.1	Pythium longandrum
HQ643679.1	Pythium longandrum
HQ643680.1	Pythium longisporangium
HQ643681.2	Pythium lucens
HQ643682.1	Pythium lutarium
HQ643683.1	Pythium lycopersicum
HQ643684.1	Pythium macrosporum
HQ643685.1	Pythium macrosporum
HQ643686.1	Pythium macrosporum
HQ643687.1	Pythium mamillatum
HQ643688.1	Pythium mamillatum
HQ643689.1	Pythium mamillatum
HQ643690.1	Pythium marsipium
HQ643691.1	Pythium mastophorum
HQ643692.1	Pythium mastophorum
HQ643693.1	Pythium megalacanthum
HQ643694.1	Pythium middletonii
HQ643695.1	Pythium minus
HQ643696.1	Pythium minus
HQ643697.2	Pythium monospermum
HQ643698.1	Pythium monospermum
HQ643699.1	Pythium monospermum
HQ643700.1	Pythium multisporum
HQ643701.1	Pythium myriotylum
HQ643702.1	Pythium myriotylum
HQ643703.1	Pythium myriotylum
HQ643704.1	Pythium myriotylum
HQ643705.1	Pythium nagaii
HQ643706.1	Pythium nagaii
HQ643707.1	Pythium nagaii
HQ643708.1	Pythium nodosum
HQ643709.1	Pythium nodosum
HQ643710.1	Pythium nunn
HQ643711.1	Pythium nunn
HQ643712.1	Pythium oedichilum
HQ643713.1	Pythium okanoganense
HQ643714.1	Pythium okanoganense
HQ643715.1	Pythium oligandrum
HQ643716.1	Pythium oligandrum
FJ655174.2	Pythium oopapillum
FJ655175.2	Pythium oopapillum
FJ655176.2	Pythium oopapillum
HQ643717.1	Pythium oopapillum
HQ643721.2	Pythium ornacarpum
HQ643722.1	Pythium ornamentatum
HQ643723.1	Pythium orthogonon
HQ643724.1	Pythium pachycaule
HQ643725.1	Pythium pachycaule
HQ643726.1	Pythium pachycaule
HQ643727.1	Pythium pachycaule
HQ643728.1	Pythium paddicum
HQ643730.1	Pythium paroecandrum
HQ643731.1	Pythium paroecandrum
HQ643732.1	Pythium paroecandrum
HQ643733.1	Pythium paroecandrum
HQ643734.1	Pythium paroecandrum
HQ643735.1	Pythium paroecandrum
HQ643736.1	Pythium paroecandrum
HQ643737.1	Pythium paroecandrum
HQ643738.1	Pythium parvum
HQ643739.2	Pythium pectinolyticum
HQ643740.1	Pythium periilum
HQ643741.1	Pythium periplocum
HQ643742.1	Pythium periplocum
HQ643743.1	Pythium periplocum
HQ643744.1	Pythium perplexum
HQ643745.1	Pythium perplexum
HQ643746.1	Pythium phragmitis
HQ643747.1	Pythium pleroticum
HQ643748.1	Pythium pleroticum
HQ643749.1	Pythium plurisporium
HQ643750.1	Pythium plurisporium
HQ643751.1	Pythium polymastum
HQ643752.1	Pythium polymastum
HQ643753.1	Pythium porphyrae
HQ643754.1	Pythium prolatum
HQ643755.1	Pythium pyrilobum
HQ643756.1	Pythium radiosum
HQ643757.2	Pythium rhizo-oryzae
HQ643758.1	Pythium rhizosaccharum
HQ643759.1	Pythium rhizosaccharum
HQ643760.1	Pythium rhizosaccharum
HQ643761.2	Pythium rostratifingens
HQ643762.1	Pythium rostratifingens
HQ643763.1	Pythium rostratifingens
HQ643764.1	Pythium rostratifingens
HQ643765.1	Pythium rostratifingens
HQ643766.1	Pythium rostratifingens
HQ643767.1	Pythium rostratum
HQ643768.1	Pythium salpingophorum
HQ643769.1	Pythium salpingophorum
HQ643770.1	Pythium salpingophorum
HQ643771.1	Pythium scleroteichum
HQ643772.2	Pythium segnitium
HQ643773.2	Pythium senticosum
HQ261732.1	Pythium sp. AL-2010
HQ261733.1	Pythium sp. AL-2010
HQ261734.1	Pythium sp. AL-2010
HQ261735.1	Pythium sp. AL-2010
HQ261736.1	Pythium sp. AL-2010
HQ261737.1	Pythium sp. AL-2010
HQ261738.1	Pythium sp. AL-2010
HQ261739.1	Pythium sp. AL-2010
HQ261740.1	Pythium sp. AL-2010
HQ643478.1	Pythium sp. balticum
HQ643729.1	Pythium sp. CAL-2011e
HQ643774.1	Pythium sp. CAL-2011f
HQ643775.1	Pythium sp. CAL-2011f
HQ643776.1	Pythium sp. CAL-2011f
HQ643777.1	Pythium sp. CAL-2011f
HQ643778.2	Pythium sp. CAL-2011f
HQ643779.1	Pythium sp. CAL-2011f
HQ643780.1	Pythium sp. CAL-2011f
HQ643781.1	Pythium sp. CAL-2011f
HQ643782.1	Pythium sp. CAL-2011f
HQ643783.1	Pythium sp. CAL-2011f
HQ643784.1	Pythium sp. CAL-2011f
HQ643785.1	Pythium sp. CAL-2011f
HQ643798.1	Pythium sp. CAL-2011f
HQ643799.1	Pythium sp. CAL-2011f
HQ643800.1	Pythium sp. CAL-2011f
HQ643801.1	Pythium sp. CAL-2011f
HQ643802.1	Pythium sp. CAL-2011f
HQ643803.1	Pythium sp. CAL-2011f
HQ643804.1	Pythium sp. CAL-2011f
HQ643805.1	Pythium sp. CAL-2011f
HQ643806.1	Pythium sp. CAL-2011f
HQ643807.1	Pythium sp. CAL-2011f
HQ643808.1	Pythium sp. CAL-2011f
HQ643809.1	Pythium sp. CAL-2011f
HQ643810.1	Pythium sp. CAL-2011f
HQ643811.1	Pythium sp. CAL-2011f
HQ643812.1	Pythium sp. CAL-2011f
HQ643813.1	Pythium sp. CAL-2011f
HQ643814.1	Pythium sp. CAL-2011f
HQ643815.1	Pythium sp. CAL-2011f
HQ643816.1	Pythium sp. CAL-2011f
HQ643817.1	Pythium sp. CAL-2011f
HQ643818.1	Pythium sp. CAL-2011f
HQ643819.1	Pythium sp. CAL-2011f
HQ643820.1	Pythium sp. CAL-2011f
HQ643821.1	Pythium sp. CAL-2011f
HQ643822.1	Pythium sp. CAL-2011f
HQ643823.1	Pythium sp. CAL-2011f
HQ643824.1	Pythium sp. CAL-2011f
HQ643825.1	Pythium sp. CAL-2011f
HQ643826.1	Pythium sp. CAL-2011f
HQ643827.1	Pythium sp. CAL-2011f
HQ643828.1	Pythium sp. CAL-2011f
HQ643829.1	Pythium sp. CAL-2011f
HQ643830.1	Pythium sp. CAL-2011f
HQ643831.1	Pythium sp. CAL-2011f
HQ643832.1	Pythium sp. CAL-2011f
HQ643833.1	Pythium sp. CAL-2011f
HQ643834.1	Pythium sp. CAL-2011f
HQ643835.1	Pythium sp. CAL-2011f
HQ643787.1	Pythium sp. group F
HQ643788.1	Pythium sp. group F
HQ643789.1	Pythium sp. group F
HQ643790.1	Pythium spiculum
HQ643791.1	Pythium spinosum
HQ643792.1	Pythium spinosum
HQ643793.1	Pythium spinosum
HQ643794.1	Pythium spinosum
HQ643795.1	Pythium splendens
HQ643796.1	Pythium splendens
HQ643797.1	Pythium splendens
HQ643836.1	Pythium sukuiense
HQ643837.1	Pythium sulcatum
HQ643838.1	Pythium sulcatum
HQ643839.1	Pythium sulcatum
HQ643840.1	Pythium sulcatum
HQ643841.1	Pythium sulcatum
HQ643842.1	Pythium sulcatum
HQ643843.1	Pythium sulcatum
HQ643844.1	Pythium sulcatum
HQ261741.1	Pythium sylvaticum
HQ643845.1	Pythium sylvaticum
HQ643846.1	Pythium sylvaticum
HQ643847.1	Pythium sylvaticum
HQ643848.1	Pythium sylvaticum
HQ643849.1	Pythium sylvaticum
HQ643850.1	Pythium sylvaticum
HQ643851.1	Pythium sylvaticum
HQ643852.1	Pythium sylvaticum
HQ643853.1	Pythium takayamanum
HQ643854.2	Pythium takayamanum
HQ643855.1	Pythium tardicrescens
HQ643856.1	Pythium terrestris
HQ643857.1	Pythium terrestris
HQ643858.1	Pythium terrestris
HQ643859.1	Pythium torulosum
HQ643860.1	Pythium tracheiphilum
HQ643861.1	Pythium tracheiphilum
HQ643862.1	Pythium tracheiphilum
HQ643863.1	Pythium tracheiphilum
AF271225.1	Pythium ultimum
HQ643864.1	Pythium ultimum
HQ643865.1	Pythium ultimum
HQ643866.1	Pythium ultimum
HQ643867.1	Pythium ultimum
HQ643868.1	Pythium ultimum
HQ643869.1	Pythium ultimum
HQ643870.1	Pythium ultimum
HQ643871.1	Pythium ultimum
HQ643872.1	Pythium ultimum
HQ643873.1	Pythium ultimum
HQ643874.1	Pythium ultimum
HQ643875.1	Pythium ultimum
HQ643876.1	Pythium ultimum
HQ643877.1	Pythium ultimum
HQ643878.1	Pythium ultimum
HQ643879.1	Pythium ultimum var. sporangiiferum
HQ643880.1	Pythium ultimum var. sporangiiferum
HQ643881.1	Pythium ultimum var. ultimum
HQ643882.1	Pythium ultimum var. ultimum
HQ643883.1	Pythium ultimum var. ultimum
HQ643884.1	Pythium ultimum var. ultimum
HQ643885.1	Pythium ultimum var. ultimum
HQ643886.1	Pythium ultimum var. ultimum
HQ643887.1	Pythium ultimum var. ultimum
HQ643888.1	Pythium ultimum var. ultimum
HQ643889.1	Pythium ultimum var. ultimum
HQ643890.1	Pythium ultimum var. ultimum
HQ643891.1	Pythium ultimum var. ultimum
HQ643892.1	Pythium ultimum var. ultimum
HQ643893.1	Pythium ultimum var. ultimum
HQ643894.1	Pythium ultimum var. ultimum
HQ643895.1	Pythium ultimum var. ultimum
HQ643896.1	Pythium ultimum var. ultimum
HQ643897.1	Pythium ultimum var. ultimum
HQ643898.1	Pythium ultimum var. ultimum
HQ643899.1	Pythium ultimum var. ultimum
HQ643900.1	Pythium ultimum var. ultimum
HQ643901.1	Pythium ultimum var. ultimum
HQ643902.1	Pythium ultimum var. ultimum
HQ643903.1	Pythium ultimum var. ultimum
HQ643904.1	Pythium ultimum var. ultimum
HQ643905.1	Pythium ultimum var. ultimum
HQ643906.1	Pythium ultimum var. ultimum
HQ643907.1	Pythium ultimum var. ultimum
HQ643908.1	Pythium ultimum var. ultimum
HQ643909.1	Pythium ultimum var. ultimum
HQ643910.1	Pythium ultimum var. ultimum
HQ643911.1	Pythium ultimum var. ultimum
HQ643912.1	Pythium ultimum var. ultimum
HQ643913.1	Pythium ultimum var. ultimum
HQ643914.1	Pythium ultimum var. ultimum
HQ643915.1	Pythium ultimum var. ultimum
HQ643916.1	Pythium ultimum var. ultimum
HQ643917.1	Pythium ultimum var. ultimum
HQ643918.1	Pythium ultimum var. ultimum
HQ643919.1	Pythium ultimum var. ultimum
HQ643920.1	Pythium ultimum var. ultimum
HQ643921.1	Pythium ultimum var. ultimum
HQ643922.1	Pythium ultimum var. ultimum
HQ643923.1	Pythium ultimum var. ultimum
HQ643924.1	Pythium ultimum var. ultimum
HQ643925.1	Pythium ultimum var. ultimum
HQ643926.1	Pythium ultimum var. ultimum
HQ643927.1	Pythium ultimum var. ultimum
HQ643928.1	Pythium ultimum var. ultimum
HQ643929.1	Pythium ultimum var. ultimum
HQ643930.1	Pythium ultimum var. ultimum
HQ643931.1	Pythium ultimum var. ultimum
HQ643932.1	Pythium ultimum var. ultimum
HQ643933.1	Pythium ultimum var. ultimum
HQ643934.1	Pythium ultimum var. ultimum
HQ643935.1	Pythium ultimum var. ultimum
HQ643936.1	Pythium ultimum var. ultimum
HQ643937.1	Pythium ultimum var. ultimum
HQ643938.1	Pythium ultimum var. ultimum
HQ643939.1	Pythium ultimum var. ultimum
HQ643940.1	Pythium ultimum var. ultimum
HQ643941.1	Pythium ultimum var. ultimum
HQ643942.1	Pythium ultimum var. ultimum
HQ643943.1	Pythium ultimum var. ultimum
HQ643944.1	Pythium uncinulatum
HQ643945.1	Pythium uncinulatum
AF271230.1	Pythium undulatum
HQ643946.1	Pythium undulatum
HQ643947.1	Pythium undulatum
HQ643948.1	Pythium undulatum
HQ643949.1	Pythium undulatum
HQ643950.1	Pythium vanterpoolii
HQ643951.1	Pythium vanterpoolii
HQ643952.1	Pythium vanterpoolii
HQ643953.1	Pythium vanterpoolii
HQ643956.2	Pythium viniferum
HQ643957.1	Pythium violae
HQ643958.1	Pythium violae
HQ643959.1	Pythium violae
HQ643960.1	Pythium violae
HQ643961.1	Pythium violae
HQ643962.1	Pythium violae
HQ643963.1	Pythium violae
HQ643964.1	Pythium violae
HQ643965.1	Pythium violae
HQ643966.1	Pythium violae
HQ643967.1	Pythium violae
HQ643968.1	Pythium violae
HQ643969.1	Pythium violae
HQ643970.1	Pythium volutum
HQ643971.1	Pythium volutum
HQ643972.1	Pythium zingiberis
HQ643973.1	Pythium zingiberis
HQ643135.1	Salisapilia tartarea
HQ643974.1	Saprolegnia anisospora
HQ643975.1	Saprolegnia asterophora
HQ643976.1	Saprolegnia delica
HQ643977.1	Saprolegnia delica
HQ643978.1	Saprolegnia diclina
HQ643979.1	Saprolegnia diclina
HQ643980.1	Saprolegnia diclina
HQ643981.1	Saprolegnia eccentrica
HQ643982.1	Saprolegnia eccentrica
HQ643983.1	Saprolegnia eccentrica
HQ643984.1	Saprolegnia ferax
HQ643985.1	Saprolegnia ferax
HQ643986.1	Saprolegnia ferax
HQ643987.1	Saprolegnia ferax
HQ643988.1	Saprolegnia ferax
HQ643989.1	Saprolegnia hypogyna
HQ643990.1	Saprolegnia lapponica
HQ643991.1	Saprolegnia litoralis
HQ643992.1	Saprolegnia litoralis
HQ643993.1	Saprolegnia megasperma
HQ643994.1	Saprolegnia mixta
HQ643995.1	Saprolegnia mixta
HQ643996.1	Saprolegnia monilifera
HQ643997.1	Saprolegnia monilifera
HQ643998.1	Saprolegnia monoica
HQ643999.1	Saprolegnia monoica
HQ644000.1	Saprolegnia parasitica
HQ644001.1	Saprolegnia parasitica
HQ644002.1	Saprolegnia parasitica
HQ644003.1	Saprolegnia parasitica
HQ644004.1	Saprolegnia parasitica
HQ644005.1	Saprolegnia parasitica
HQ644006.1	Saprolegnia sp. CAL-2011 rodrigueziana
HQ644007.1	Saprolegnia sp. CAL-2011b
HQ644008.1	Saprolegnia subterranea
HQ644009.1	Saprolegnia subterranea
HQ644010.1	Saprolegnia terrestris
HQ644011.1	Saprolegnia terrestris
HQ644012.1	Saprolegnia turfosa
HQ644013.1	Saprolegnia turfosa
HQ644014.1	Saprolegnia turfosa
HQ644015.1	Saprolegnia unispora
HQ644016.1	Saprolegnia unispora
HQ644017.1	Thraustotheca clavata
HQ644018.1	Thraustotheca clavata
HQ644019.1	Thraustotheca terrestris
